CREATE DATABASE  IF NOT EXISTS `pss` /*!40100 DEFAULT CHARACTER SET utf8mb4 COLLATE utf8mb4_0900_ai_ci */;
USE `pss`;
-- MySQL dump 10.13  Distrib 8.0.18, for macos10.14 (x86_64)
--
-- Host: localhost    Database: pss
-- ------------------------------------------------------
-- Server version	8.0.15

/*!40101 SET @OLD_CHARACTER_SET_CLIENT=@@CHARACTER_SET_CLIENT */;
/*!40101 SET @OLD_CHARACTER_SET_RESULTS=@@CHARACTER_SET_RESULTS */;
/*!40101 SET @OLD_COLLATION_CONNECTION=@@COLLATION_CONNECTION */;
/*!50503 SET NAMES utf8 */;
/*!40103 SET @OLD_TIME_ZONE=@@TIME_ZONE */;
/*!40103 SET TIME_ZONE='+00:00' */;
/*!40014 SET @OLD_UNIQUE_CHECKS=@@UNIQUE_CHECKS, UNIQUE_CHECKS=0 */;
/*!40014 SET @OLD_FOREIGN_KEY_CHECKS=@@FOREIGN_KEY_CHECKS, FOREIGN_KEY_CHECKS=0 */;
/*!40101 SET @OLD_SQL_MODE=@@SQL_MODE, SQL_MODE='NO_AUTO_VALUE_ON_ZERO' */;
/*!40111 SET @OLD_SQL_NOTES=@@SQL_NOTES, SQL_NOTES=0 */;

--
-- Table structure for table `airline_info`
--

DROP TABLE IF EXISTS `airline_info`;
/*!40101 SET @saved_cs_client     = @@character_set_client */;
/*!50503 SET character_set_client = utf8mb4 */;
CREATE TABLE `airline_info` (
  `airline_id` bigint(20) NOT NULL,
  `airline_logo` varchar(255) DEFAULT NULL,
  `name_of_airline` varchar(255) DEFAULT NULL,
  PRIMARY KEY (`airline_id`)
) ENGINE=InnoDB DEFAULT CHARSET=utf8mb4 COLLATE=utf8mb4_0900_ai_ci;
/*!40101 SET character_set_client = @saved_cs_client */;

--
-- Dumping data for table `airline_info`
--

LOCK TABLES `airline_info` WRITE;
/*!40000 ALTER TABLE `airline_info` DISABLE KEYS */;
INSERT INTO `airline_info` VALUES (933,'airindia.png','Air India'),(938,'indigo.png','Indigo'),(943,'air-asia.png','Air Asia'),(948,'spicejet.png','Spicejet'),(953,'vistara.png','Vistara'),(958,'truejet.png','Trujet'),(963,'goair.png','GoAir');
/*!40000 ALTER TABLE `airline_info` ENABLE KEYS */;
UNLOCK TABLES;

--
-- Table structure for table `booking_details`
--

DROP TABLE IF EXISTS `booking_details`;
/*!40101 SET @saved_cs_client     = @@character_set_client */;
/*!50503 SET character_set_client = utf8mb4 */;
CREATE TABLE `booking_details` (
  `booking_id` bigint(20) NOT NULL,
  `passenger_id` bigint(20) NOT NULL,
  UNIQUE KEY `UK_m9f07ovxqj00puevb0g5o2c4w` (`passenger_id`),
  KEY `FKl5h29vblxp8bu7eoamyob4877` (`booking_id`),
  CONSTRAINT `FKl5h29vblxp8bu7eoamyob4877` FOREIGN KEY (`booking_id`) REFERENCES `booking_record` (`booking_id`),
  CONSTRAINT `FKt7035yt3ss88xi52jlvsmsbld` FOREIGN KEY (`passenger_id`) REFERENCES `passenger` (`passenger_id`)
) ENGINE=InnoDB DEFAULT CHARSET=utf8mb4 COLLATE=utf8mb4_0900_ai_ci;
/*!40101 SET character_set_client = @saved_cs_client */;

--
-- Dumping data for table `booking_details`
--

LOCK TABLES `booking_details` WRITE;
/*!40000 ALTER TABLE `booking_details` DISABLE KEYS */;
/*!40000 ALTER TABLE `booking_details` ENABLE KEYS */;
UNLOCK TABLES;

--
-- Table structure for table `booking_record`
--

DROP TABLE IF EXISTS `booking_record`;
/*!40101 SET @saved_cs_client     = @@character_set_client */;
/*!50503 SET character_set_client = utf8mb4 */;
CREATE TABLE `booking_record` (
  `booking_id` bigint(20) NOT NULL,
  `booking_date` datetime DEFAULT NULL,
  `destination` varchar(255) DEFAULT NULL,
  `fare` double NOT NULL,
  `flight_date` date DEFAULT NULL,
  `flight_number` varchar(255) DEFAULT NULL,
  `flight_time` time DEFAULT NULL,
  `origin` varchar(255) DEFAULT NULL,
  `status` varchar(255) DEFAULT NULL,
  PRIMARY KEY (`booking_id`)
) ENGINE=InnoDB DEFAULT CHARSET=utf8mb4 COLLATE=utf8mb4_0900_ai_ci;
/*!40101 SET character_set_client = @saved_cs_client */;

--
-- Dumping data for table `booking_record`
--

LOCK TABLES `booking_record` WRITE;
/*!40000 ALTER TABLE `booking_record` DISABLE KEYS */;
INSERT INTO `booking_record` VALUES (184,'2020-07-24 12:11:55','CHENNAI',31000,'2020-08-21','UK-830','10:15:00','DELHI','Confirmed'),(191,'2020-07-24 12:30:11','CHENNAI',33000,'2020-08-21','2T-518','10:15:00','DELHI','Confirmed'),(196,'2020-07-24 15:12:47','CHENNAI',4167,'2020-08-21','UK-833','11:55:00','DELHI','Confirmed'),(201,'2020-08-07 23:13:06','HYDERABAD',7000,'2020-08-21','AI-850','01:15:00','DELHI','Confirmed'),(204,'2020-08-07 23:17:50','HYDERABAD',7000,'2020-08-21','AI-850','01:15:00','DELHI','Confirmed'),(207,'2020-08-07 23:20:42','HYDERABAD',7000,'2020-08-21','AI-850','01:15:00','DELHI','Confirmed'),(210,'2020-08-07 23:21:17','HYDERABAD',7000,'2020-08-21','AI-850','01:15:00','DELHI','Confirmed'),(213,'2020-08-07 23:23:47','HYDERABAD',7000,'2020-08-21','AI-850','01:15:00','DELHI','Confirmed'),(216,'2020-08-07 23:29:02','HYDERABAD',7000,'2020-08-21','AI-850','01:15:00','DELHI','Confirmed'),(219,'2020-08-07 23:32:24','HYDERABAD',7000,'2020-08-21','AI-850','01:15:00','DELHI','Confirmed'),(221,'2020-08-07 23:33:48','HYDERABAD',7000,'2020-08-21','AI-850','01:15:00','DELHI','Confirmed'),(223,'2020-08-07 23:34:31','HYDERABAD',7000,'2020-08-21','AI-850','01:15:00','DELHI','Confirmed'),(226,'2020-08-07 23:43:01','HYDERABAD',7000,'2020-08-21','AI-850','01:15:00','DELHI','Confirmed'),(229,'2020-08-07 23:43:18','HYDERABAD',7000,'2020-08-21','AI-850','01:15:00','DELHI','Confirmed'),(232,'2020-08-07 23:43:37','HYDERABAD',7000,'2020-08-21','AI-850','01:15:00','DELHI','Confirmed'),(235,'2020-08-07 23:45:53','HYDERABAD',7000,'2020-08-21','AI-850','01:15:00','DELHI','Confirmed'),(238,'2020-08-07 23:49:12','HYDERABAD',7000,'2020-08-21','AI-850','01:15:00','DELHI','Confirmed'),(241,'2020-08-07 23:50:11','HYDERABAD',7000,'2020-08-21','AI-850','01:15:00','DELHI','Confirmed'),(244,'2020-08-07 23:51:41','HYDERABAD',7000,'2020-08-21','AI-850','01:15:00','DELHI','Confirmed'),(248,'2020-08-07 23:53:00','HYDERABAD',7000,'2020-08-21','AI-850','01:15:00','DELHI','Confirmed'),(249,'2020-08-07 23:57:32','HYDERABAD',7000,'2020-08-21','AI-850','01:15:00','DELHI','Confirmed'),(252,'2020-08-07 23:58:49','HYDERABAD',7000,'2020-08-21','AI-850','01:15:00','DELHI','Confirmed'),(255,'2020-08-07 23:59:29','HYDERABAD',7000,'2020-08-21','AI-850','01:15:00','DELHI','Confirmed'),(259,'2020-08-08 00:07:28','HYDERABAD',7000,'2020-08-21','AI-850','01:15:00','DELHI','Confirmed'),(262,'2020-08-08 00:10:11','HYDERABAD',7000,'2020-08-21','AI-850','01:15:00','DELHI','Confirmed'),(265,'2020-08-08 00:18:47','HYDERABAD',7000,'2020-08-21','AI-850','01:15:00','DELHI','Confirmed'),(269,'2020-08-08 00:22:39','HYDERABAD',10500,'2020-08-21','AI-850','01:15:00','DELHI','Confirmed'),(1054,'2020-08-09 13:49:47','CHENNAI',13500,'2020-08-21','AI-840','02:12:00','DELHI','Confirmed'),(1058,'2020-08-09 16:52:52','HYDERABAD',10500,'2020-08-21','AI-850','01:15:00','DELHI','Confirmed'),(1062,'2020-08-09 16:54:20','HYDERABAD',10500,'2020-08-21','AI-850','01:15:00','DELHI','Confirmed'),(1066,'2020-08-09 16:57:25','HYDERABAD',10500,'2020-08-21','AI-850','01:15:00','DELHI','Confirmed'),(1070,'2020-08-09 17:31:00','HYDERABAD',10500,'2020-08-21','AI-850','01:15:00','DELHI','Confirmed'),(1074,'2020-08-09 17:33:23','HYDERABAD',10500,'2020-08-21','AI-850','01:15:00','DELHI','Confirmed'),(1078,'2020-08-09 17:33:57','HYDERABAD',10500,'2020-08-21','AI-850','01:15:00','DELHI','Confirmed'),(1082,'2020-08-09 17:34:00','HYDERABAD',10500,'2020-08-21','AI-850','01:15:00','DELHI','Confirmed'),(1086,'2020-08-10 11:19:56','CHENNAI',13500,'2020-08-21','AI-840','02:12:00','DELHI','Confirmed'),(1090,'2020-08-10 11:24:00','CHENNAI',13500,'2020-08-21','AI-840','02:12:00','DELHI','Confirmed'),(1094,'2020-08-10 11:25:12','CHENNAI',13500,'2020-08-21','AI-840','02:12:00','DELHI','Confirmed'),(1098,'2020-08-10 11:28:46','CHENNAI',13500,'2020-08-21','AI-840','02:12:00','DELHI','Confirmed'),(1102,'2020-08-10 11:29:16','CHENNAI',13500,'2020-08-21','AI-840','02:12:00','DELHI','Confirmed'),(1106,'2020-08-10 11:39:51','CHENNAI',13500,'2020-08-21','AI-840','02:12:00','DELHI','Confirmed'),(1110,'2020-08-10 11:43:14','CHENNAI',13500,'2020-08-21','AI-840','02:12:00','DELHI','Confirmed'),(1114,'2020-08-10 11:43:56','CHENNAI',13500,'2020-08-21','AI-840','02:12:00','DELHI','Confirmed'),(1118,'2020-08-10 11:44:54','CHENNAI',13500,'2020-08-21','AI-840','02:12:00','DELHI','CHECKED-IN'),(1122,'2020-08-10 11:46:23','CHENNAI',13500,'2020-08-21','AI-840','02:12:00','DELHI','Confirmed'),(1128,'2020-08-11 15:02:47','CHENNAI',13500,'2020-08-21','AI-840','02:12:00','DELHI','Confirmed'),(1132,'2020-08-11 15:06:25','CHENNAI',13500,'2020-08-21','AI-840','02:12:00','DELHI','Confirmed'),(1136,'2020-08-11 15:06:27','CHENNAI',13500,'2020-08-21','AI-840','02:12:00','DELHI','Confirmed'),(1140,'2020-08-11 15:06:29','CHENNAI',13500,'2020-08-21','AI-840','02:12:00','DELHI','Confirmed'),(1144,'2020-08-11 15:06:30','CHENNAI',13500,'2020-08-21','AI-840','02:12:00','DELHI','Confirmed'),(1148,'2020-08-11 16:17:44','CHENNAI',13500,'2020-08-21','AI-840','02:12:00','DELHI','Confirmed'),(1152,'2020-08-11 16:21:30','CHENNAI',13500,'2020-08-21','AI-840','02:12:00','DELHI','Confirmed'),(1156,'2020-08-11 16:22:09','CHENNAI',13500,'2020-08-21','AI-840','02:12:00','DELHI','Confirmed'),(1160,'2020-08-11 16:22:10','CHENNAI',13500,'2020-08-21','AI-840','02:12:00','DELHI','Confirmed'),(1164,'2020-08-11 16:22:12','CHENNAI',13500,'2020-08-21','AI-840','02:12:00','DELHI','CHECKED-IN'),(1168,'2020-08-11 16:22:13','CHENNAI',13500,'2020-08-21','AI-840','02:12:00','DELHI','CHECKED-IN'),(1174,'2020-08-12 11:30:37','CHENNAI',13500,'2020-08-21','AI-840','02:12:00','DELHI','Confirmed'),(1178,'2020-08-12 11:43:59','CHENNAI',13500,'2020-08-21','AI-840','02:12:00','DELHI','Confirmed'),(1182,'2020-08-12 11:51:22','CHENNAI',9000,'2020-08-21','AI-840','02:12:00','DELHI','Confirmed'),(1185,'2020-08-12 11:52:41','CHENNAI',9000,'2020-08-21','AI-840','02:12:00','DELHI','Confirmed'),(1188,'2020-08-12 11:56:03','CHENNAI',9000,'2020-08-21','AI-840','02:12:00','DELHI','Confirmed'),(1191,'2020-08-12 12:00:01','CHENNAI',9000,'2020-08-21','AI-840','02:12:00','DELHI','Confirmed'),(1194,'2020-08-12 12:02:22','CHENNAI',9000,'2020-08-21','AI-840','02:12:00','DELHI','Confirmed'),(1197,'2020-08-12 12:09:01','CHENNAI',9000,'2020-08-21','AI-840','02:12:00','DELHI','Confirmed'),(1200,'2020-08-12 12:11:55','CHENNAI',9000,'2020-08-21','AI-840','02:12:00','DELHI','Confirmed'),(1203,'2020-08-12 12:19:58','CHENNAI',9000,'2020-08-21','AI-840','02:12:00','DELHI','Confirmed'),(1206,'2020-08-12 12:20:23','CHENNAI',9000,'2020-08-21','AI-840','02:12:00','DELHI','Confirmed'),(1209,'2020-08-12 12:21:20','CHENNAI',9000,'2020-08-21','AI-840','02:12:00','DELHI','Confirmed'),(1212,'2020-08-12 12:21:32','CHENNAI',9000,'2020-08-21','AI-840','02:12:00','DELHI','CHECKED-IN'),(1215,'2020-08-12 14:05:54','CHENNAI',13500,'2020-08-21','AI-840','02:12:00','DELHI','CHECKED-IN'),(1219,'2020-08-12 14:12:59','CHENNAI',33000,'2020-08-21','2T-518','10:15:00','DELHI','CHECKED-IN'),(1227,'2020-08-12 16:05:29','CHENNAI',13500,'2020-08-21','AI-840','02:12:00','DELHI','Confirmed'),(1231,'2020-08-12 16:06:29','CHENNAI',13500,'2020-08-21','AI-840','02:12:00','DELHI','Confirmed'),(1235,'2020-08-12 22:13:23','CHENNAI',9000,'2020-08-21','AI-840','02:12:00','DELHI','Confirmed'),(1238,'2020-08-12 22:27:23','CHENNAI',4500,'2020-08-21','AI-840','02:12:00','DELHI','Confirmed'),(1240,'2020-08-12 22:28:01','CHENNAI',9000,'2020-08-21','AI-840','02:12:00','DELHI','Confirmed'),(1243,'2020-08-12 22:40:35','CHENNAI',4500,'2020-08-21','AI-840','02:12:00','DELHI','Confirmed'),(1245,'2020-08-12 22:41:23','CHENNAI',13500,'2020-08-21','AI-840','02:12:00','DELHI','Confirmed'),(1249,'2020-08-12 22:47:26','CHENNAI',9000,'2020-08-21','AI-840','02:12:00','DELHI','Confirmed'),(1252,'2020-08-13 07:50:54','CHENNAI',9000,'2020-08-21','AI-840','02:12:00','DELHI','Confirmed'),(1255,'2020-08-13 07:55:28','CHENNAI',9000,'2020-08-21','AI-840','02:12:00','DELHI','Confirmed'),(1258,'2020-08-13 07:57:44','CHENNAI',9000,'2020-08-21','AI-840','02:12:00','DELHI','Confirmed'),(1261,'2020-08-13 08:05:29','CHENNAI',9000,'2020-08-21','AI-840','02:12:00','DELHI','Confirmed'),(1264,'2020-08-13 08:05:47','CHENNAI',9000,'2020-08-21','AI-840','02:12:00','DELHI','Confirmed'),(1267,'2020-08-13 08:06:01','CHENNAI',9000,'2020-08-21','AI-840','02:12:00','DELHI','Confirmed'),(1270,'2020-08-13 08:06:31','CHENNAI',18000,'2020-08-21','SG-435','02:45:00','DELHI','Confirmed'),(1275,'2020-08-13 08:07:43','CHENNAI',18000,'2020-08-21','SG-435','02:45:00','DELHI','Confirmed'),(1280,'2020-08-13 08:08:30','CHENNAI',18000,'2020-08-21','SG-435','02:45:00','DELHI','Confirmed'),(1285,'2020-08-13 08:08:49','CHENNAI',18000,'2020-08-21','SG-435','02:45:00','DELHI','Confirmed'),(1290,'2020-08-13 08:09:12','CHENNAI',18000,'2020-08-21','SG-435','02:45:00','DELHI','Confirmed'),(1295,'2020-08-13 08:09:53','CHENNAI',18000,'2020-08-21','SG-435','02:45:00','DELHI','Confirmed'),(1300,'2020-08-13 08:11:35','CHENNAI',18000,'2020-08-21','SG-435','02:45:00','DELHI','Confirmed'),(1305,'2020-08-13 08:13:07','CHENNAI',18000,'2020-08-21','SG-435','02:45:00','DELHI','Confirmed'),(1310,'2020-08-13 08:13:38','CHENNAI',18000,'2020-08-21','SG-435','02:45:00','DELHI','Confirmed'),(1315,'2020-08-13 08:14:36','CHENNAI',18000,'2020-08-21','SG-435','02:45:00','DELHI','Confirmed'),(1320,'2020-08-13 08:35:18','CHENNAI',18000,'2020-08-21','SG-435','02:45:00','DELHI','Confirmed'),(1325,'2020-08-13 08:35:54','CHENNAI',18000,'2020-08-21','SG-435','02:45:00','DELHI','Confirmed'),(1330,'2020-08-13 08:36:22','CHENNAI',18000,'2020-08-21','SG-435','02:45:00','DELHI','Confirmed'),(1335,'2020-08-13 08:36:39','CHENNAI',18000,'2020-08-21','SG-435','02:45:00','DELHI','Confirmed'),(1340,'2020-08-13 08:36:53','CHENNAI',18000,'2020-08-21','SG-435','02:45:00','DELHI','Confirmed'),(1345,'2020-08-13 08:37:12','CHENNAI',18000,'2020-08-21','SG-435','02:45:00','DELHI','Confirmed'),(1350,'2020-08-13 08:37:51','CHENNAI',18000,'2020-08-21','SG-435','02:45:00','DELHI','Confirmed'),(1355,'2020-08-13 08:38:02','CHENNAI',18000,'2020-08-21','SG-435','02:45:00','DELHI','Confirmed'),(1360,'2020-08-13 08:39:53','CHENNAI',18000,'2020-08-21','SG-435','02:45:00','DELHI','Confirmed'),(1365,'2020-08-13 08:40:09','CHENNAI',18000,'2020-08-21','SG-435','02:45:00','DELHI','Confirmed'),(1370,'2020-08-13 08:43:28','CHENNAI',18000,'2020-08-21','SG-435','02:45:00','DELHI','Confirmed'),(1375,'2020-08-13 08:44:35','CHENNAI',18000,'2020-08-21','SG-435','02:45:00','DELHI','Confirmed'),(1380,'2020-08-13 08:51:43','CHENNAI',18000,'2020-08-21','SG-435','02:45:00','DELHI','Confirmed'),(1385,'2020-08-13 08:53:28','CHENNAI',18000,'2020-08-21','SG-435','02:45:00','DELHI','Confirmed'),(1390,'2020-08-13 12:17:36','CHENNAI',18000,'2020-08-21','SG-435','02:45:00','DELHI','Confirmed'),(1395,'2020-08-13 12:30:42','CHENNAI',12400,'2020-08-21','UK-830','10:15:00','DELHI','CHECKED-IN'),(1399,'2020-08-13 17:16:22','MUMBAI',15000,'2020-08-21','AI-860','02:30:00','CHENNAI','Confirmed'),(1403,'2020-08-13 17:21:39','MUMBAI',15000,'2020-08-21','AI-860','02:30:00','CHENNAI','Confirmed'),(1407,'2020-08-13 17:22:09','MUMBAI',15000,'2020-08-21','AI-860','02:30:00','CHENNAI','Confirmed'),(1411,'2020-08-13 17:22:11','MUMBAI',15000,'2020-08-21','AI-860','02:30:00','CHENNAI','Confirmed'),(1415,'2020-08-13 17:22:13','MUMBAI',15000,'2020-08-21','AI-860','02:30:00','CHENNAI','Confirmed'),(1419,'2020-08-13 17:22:14','MUMBAI',15000,'2020-08-21','AI-860','02:30:00','CHENNAI','Confirmed'),(1423,'2020-08-13 17:22:16','MUMBAI',15000,'2020-08-21','AI-860','02:30:00','CHENNAI','Confirmed'),(1427,'2020-08-13 17:22:17','MUMBAI',15000,'2020-08-21','AI-860','02:30:00','CHENNAI','Confirmed'),(1431,'2020-08-13 17:24:14','MUMBAI',15000,'2020-08-21','AI-860','02:30:00','CHENNAI','CHECKED-IN'),(1436,'2020-08-17 14:42:21','MUMBAI',15000,'2020-08-21','AI-860','02:30:00','CHENNAI','Confirmed'),(1440,'2020-08-17 14:43:10','MUMBAI',15000,'2020-08-21','AI-860','02:30:00','CHENNAI','Confirmed'),(1444,'2020-08-17 14:47:53','MUMBAI',15000,'2020-08-21','AI-860','02:30:00','CHENNAI','Confirmed'),(1448,'2020-08-17 15:05:29','MUMBAI',15000,'2020-08-21','AI-860','02:30:00','CHENNAI','Confirmed'),(1452,'2020-08-17 15:09:23','MUMBAI',15000,'2020-08-21','AI-860','02:30:00','CHENNAI','Confirmed'),(1456,'2020-08-17 15:15:43','MUMBAI',15000,'2020-08-21','AI-860','02:30:00','CHENNAI','Confirmed'),(1460,'2020-08-17 15:24:25','MUMBAI',15000,'2020-08-21','AI-860','02:30:00','CHENNAI','Confirmed'),(1464,'2020-08-17 15:26:01','MUMBAI',15000,'2020-08-21','AI-860','02:30:00','CHENNAI','Confirmed'),(1468,'2020-08-17 15:28:19','MUMBAI',15000,'2020-08-21','AI-860','02:30:00','CHENNAI','Confirmed'),(1472,'2020-08-17 15:31:42','MUMBAI',15000,'2020-08-21','AI-860','02:30:00','CHENNAI','Confirmed'),(1476,'2020-08-17 15:32:04','MUMBAI',15000,'2020-08-21','AI-860','02:30:00','CHENNAI','Confirmed'),(1480,'2020-08-17 15:33:36','MUMBAI',15000,'2020-08-21','AI-860','02:30:00','CHENNAI','Confirmed'),(1484,'2020-08-17 15:34:33','MUMBAI',15000,'2020-08-21','AI-860','02:30:00','CHENNAI','Confirmed'),(1488,'2020-08-17 16:22:13','MUMBAI',15000,'2020-08-21','AI-860','02:30:00','CHENNAI','Confirmed'),(1492,'2020-08-17 16:26:05','MUMBAI',15000,'2020-08-21','AI-860','02:30:00','CHENNAI','Confirmed'),(1496,'2020-08-17 16:28:41','MUMBAI',15000,'2020-08-21','AI-860','02:30:00','CHENNAI','Confirmed'),(1500,'2020-08-17 16:33:45','MUMBAI',15000,'2020-08-21','AI-860','02:30:00','CHENNAI','Confirmed'),(1504,'2020-08-17 16:34:37','MUMBAI',15000,'2020-08-21','AI-860','02:30:00','CHENNAI','Confirmed'),(1508,'2020-08-17 16:35:58','MUMBAI',15000,'2020-08-21','AI-860','02:30:00','CHENNAI','Confirmed'),(1512,'2020-08-17 18:02:56','MUMBAI',15000,'2020-08-21','AI-860','02:30:00','CHENNAI','Confirmed'),(1517,'2020-08-18 08:18:31','MUMBAI',15000,'2020-08-21','AI-860','02:30:00','CHENNAI','Confirmed'),(1521,'2020-08-18 08:20:26','MUMBAI',15000,'2020-08-21','AI-860','02:30:00','CHENNAI','Confirmed'),(1525,'2020-08-18 08:32:49','MUMBAI',15000,'2020-08-21','AI-860','02:30:00','CHENNAI','Confirmed'),(1529,'2020-08-18 08:35:49','MUMBAI',15000,'2020-08-21','AI-860','02:30:00','CHENNAI','Confirmed'),(1533,'2020-08-18 08:38:15','MUMBAI',15000,'2020-08-21','AI-860','02:30:00','CHENNAI','Confirmed'),(1537,'2020-08-18 09:24:39','MUMBAI',15000,'2020-08-21','AI-860','02:30:00','CHENNAI','Confirmed'),(1541,'2020-08-18 09:27:37','MUMBAI',15000,'2020-08-21','AI-860','02:30:00','CHENNAI','Confirmed'),(1545,'2020-08-18 09:28:26','MUMBAI',15000,'2020-08-21','AI-860','02:30:00','CHENNAI','Confirmed'),(1549,'2020-08-18 09:29:40','MUMBAI',15000,'2020-08-21','AI-860','02:30:00','CHENNAI','Confirmed'),(1553,'2020-08-18 09:57:03','MUMBAI',15000,'2020-08-21','AI-860','02:30:00','CHENNAI','Confirmed'),(1557,'2020-08-18 14:22:58','MUMBAI',15000,'2020-08-21','AI-860','02:30:00','CHENNAI','Confirmed'),(1561,'2020-08-18 14:28:34','MUMBAI',15000,'2020-08-21','AI-860','02:30:00','CHENNAI','Confirmed'),(1565,'2020-08-18 14:34:12','MUMBAI',15000,'2020-08-21','AI-860','02:30:00','CHENNAI','Confirmed'),(1569,'2020-08-18 14:35:17','MUMBAI',15000,'2020-08-21','AI-860','02:30:00','CHENNAI','Confirmed'),(1573,'2020-08-18 14:40:28','MUMBAI',15000,'2020-08-21','AI-860','02:30:00','CHENNAI','Confirmed'),(1577,'2020-08-18 14:43:47','MUMBAI',15000,'2020-08-21','AI-860','02:30:00','CHENNAI','Confirmed'),(1581,'2020-08-18 14:46:08','MUMBAI',15000,'2020-08-21','AI-860','02:30:00','CHENNAI','Confirmed'),(1585,'2020-08-18 15:52:27','MUMBAI',15000,'2020-08-21','AI-860','02:30:00','CHENNAI','Confirmed'),(1589,'2020-08-18 15:58:23','MUMBAI',15000,'2020-08-21','AI-860','02:30:00','CHENNAI','Confirmed'),(1593,'2020-08-19 14:35:28','MUMBAI',15000,'2020-08-21','AI-860','02:30:00','CHENNAI','Confirmed'),(1597,'2020-08-19 14:43:34','MUMBAI',15000,'2020-08-21','AI-860','02:30:00','CHENNAI','CHECKED-IN'),(1602,'2020-08-19 15:47:44','MUMBAI',15000,'2020-08-21','AI-860','02:30:00','CHENNAI','Confirmed'),(1606,'2020-08-19 15:53:41','MUMBAI',15000,'2020-08-21','AI-860','02:30:00','CHENNAI','CHECKED-IN'),(1611,'2020-08-19 16:02:37','MUMBAI',15000,'2020-08-21','AI-860','02:30:00','CHENNAI','CHECKED-IN'),(1616,'2020-08-19 17:27:09','MUMBAI',15000,'2020-08-21','AI-860','02:30:00','CHENNAI','Confirmed'),(1620,'2020-08-19 17:33:15','MUMBAI',15000,'2020-08-21','AI-860','02:30:00','CHENNAI','Confirmed'),(1624,'2020-08-19 22:46:46','CHENNAI',9000,'2020-08-24','2T-519','06:15:00','DELHI','Confirmed'),(1628,'2020-08-19 22:48:35','CHENNAI',9000,'2020-08-24','2T-519','06:15:00','DELHI','Confirmed'),(1632,'2020-08-19 22:48:36','CHENNAI',9000,'2020-08-24','2T-519','06:15:00','DELHI','Confirmed'),(1636,'2020-08-19 22:50:14','CHENNAI',9000,'2020-08-24','2T-519','06:15:00','DELHI','Confirmed'),(1640,'2020-08-20 08:45:14','CHENNAI',9000,'2020-08-24','2T-519','06:15:00','DELHI','Confirmed'),(1644,'2020-08-20 08:47:27','CHENNAI',9000,'2020-08-24','2T-519','06:15:00','DELHI','Confirmed'),(1648,'2020-08-20 14:41:23','CHENNAI',9000,'2020-08-24','2T-519','06:15:00','DELHI','Confirmed'),(1652,'2020-08-20 14:44:50','CHENNAI',9000,'2020-08-24','2T-519','06:15:00','DELHI','Confirmed'),(1656,'2020-08-20 14:44:50','CHENNAI',9000,'2020-08-24','2T-519','06:15:00','DELHI','Confirmed'),(1660,'2020-08-20 14:46:59','CHENNAI',9000,'2020-08-24','2T-519','06:15:00','DELHI','Confirmed'),(1664,'2020-08-20 14:46:59','CHENNAI',9000,'2020-08-24','2T-519','06:15:00','DELHI','Confirmed'),(1668,'2020-08-20 14:47:01','CHENNAI',9000,'2020-08-24','2T-519','06:15:00','DELHI','Confirmed'),(1672,'2020-08-20 14:47:02','CHENNAI',9000,'2020-08-24','2T-519','06:15:00','DELHI','Confirmed'),(1676,'2020-08-20 14:47:03','CHENNAI',9000,'2020-08-24','2T-519','06:15:00','DELHI','Confirmed'),(1680,'2020-08-20 14:47:04','CHENNAI',9000,'2020-08-24','2T-519','06:15:00','DELHI','Confirmed'),(1684,'2020-08-20 15:40:55','CHENNAI',9000,'2020-08-24','2T-519','06:15:00','DELHI','Confirmed'),(1688,'2020-08-20 15:43:26','CHENNAI',9000,'2020-08-24','2T-519','06:15:00','DELHI','Confirmed'),(1692,'2020-08-20 15:43:27','CHENNAI',9000,'2020-08-24','2T-519','06:15:00','DELHI','Confirmed'),(1696,'2020-08-20 15:43:28','CHENNAI',9000,'2020-08-24','2T-519','06:15:00','DELHI','Confirmed'),(1700,'2020-08-20 15:43:29','CHENNAI',9000,'2020-08-24','2T-519','06:15:00','DELHI','Confirmed'),(1704,'2020-08-20 16:30:40','CHENNAI',9000,'2020-08-24','2T-519','06:15:00','DELHI','Confirmed'),(1708,'2020-08-20 16:30:43','CHENNAI',9000,'2020-08-24','2T-519','06:15:00','DELHI','Confirmed'),(1712,'2020-08-20 16:30:44','CHENNAI',9000,'2020-08-24','2T-519','06:15:00','DELHI','Confirmed'),(1716,'2020-08-20 16:30:45','CHENNAI',9000,'2020-08-24','2T-519','06:15:00','DELHI','Confirmed'),(1720,'2020-08-20 17:32:22','CHENNAI',9000,'2020-08-24','2T-519','06:15:00','DELHI','Confirmed'),(1724,'2020-08-20 17:36:11','CHENNAI',9000,'2020-08-24','2T-519','06:15:00','DELHI','Confirmed'),(1728,'2020-08-21 14:48:08','CHENNAI',9000,'2020-08-24','2T-519','06:15:00','DELHI','Confirmed'),(1732,'2020-08-21 14:49:13','CHENNAI',9000,'2020-08-24','2T-519','06:15:00','DELHI','Confirmed'),(1736,'2020-08-21 14:49:14','CHENNAI',9000,'2020-08-24','2T-519','06:15:00','DELHI','Confirmed'),(1740,'2020-08-21 14:49:15','CHENNAI',9000,'2020-08-24','2T-519','06:15:00','DELHI','Confirmed'),(1744,'2020-08-21 17:39:19','CHENNAI',9000,'2020-08-24','2T-519','06:15:00','DELHI','Confirmed'),(1748,'2020-08-21 17:44:45','CHENNAI',9000,'2020-08-24','2T-519','06:15:00','DELHI','Confirmed'),(1752,'2020-08-21 17:44:46','CHENNAI',9000,'2020-08-24','2T-519','06:15:00','DELHI','Confirmed'),(1756,'2020-08-21 17:44:47','CHENNAI',9000,'2020-08-24','2T-519','06:15:00','DELHI','Confirmed'),(1760,'2020-08-21 17:48:24','CHENNAI',9000,'2020-08-24','2T-519','06:15:00','DELHI','Confirmed'),(1764,'2020-08-21 17:48:25','CHENNAI',9000,'2020-08-24','2T-519','06:15:00','DELHI','Confirmed'),(1768,'2020-08-21 17:48:26','CHENNAI',9000,'2020-08-24','2T-519','06:15:00','DELHI','Confirmed'),(1772,'2020-08-25 16:38:46','CHENNAI',9000,'2020-08-24','2T-519','06:15:00','DELHI','Confirmed'),(1776,'2020-08-25 16:40:44','CHENNAI',9000,'2020-08-24','2T-519','06:15:00','DELHI','Confirmed'),(1780,'2020-08-25 16:40:45','CHENNAI',9000,'2020-08-24','2T-519','06:15:00','DELHI','Confirmed'),(1784,'2020-08-25 16:40:47','CHENNAI',9000,'2020-08-24','2T-519','06:15:00','DELHI','Confirmed'),(1788,'2020-08-25 16:40:47','CHENNAI',9000,'2020-08-24','2T-519','06:15:00','DELHI','Confirmed'),(1792,'2020-08-25 16:40:49','CHENNAI',9000,'2020-08-24','2T-519','06:15:00','DELHI','Confirmed'),(1796,'2020-08-25 16:40:50','CHENNAI',9000,'2020-08-24','2T-519','06:15:00','DELHI','Confirmed'),(1800,'2020-08-25 16:40:51','CHENNAI',9000,'2020-08-24','2T-519','06:15:00','DELHI','Confirmed'),(1804,'2020-08-25 16:40:52','CHENNAI',9000,'2020-08-24','2T-519','06:15:00','DELHI','Confirmed'),(1808,'2020-08-25 16:40:55','CHENNAI',9000,'2020-08-24','2T-519','06:15:00','DELHI','Confirmed'),(1812,'2020-08-25 16:40:56','CHENNAI',9000,'2020-08-24','2T-519','06:15:00','DELHI','Confirmed'),(1816,'2020-08-31 14:21:18','CHENNAI',18600,'2020-08-21','UK-830','10:15:00','DELHI','CHECKED-IN'),(1821,'2020-09-01 13:33:42','CHENNAI',18600,'2020-08-21','UK-830','10:15:00','DELHI','Confirmed'),(1825,'2020-09-01 13:35:37','CHENNAI',18600,'2020-08-21','UK-830','10:15:00','DELHI','Confirmed'),(1829,'2020-09-01 13:42:10','CHENNAI',18600,'2020-08-21','UK-830','10:15:00','DELHI','Confirmed'),(1833,'2020-09-01 13:43:45','CHENNAI',45000,'2020-08-21','2T-519','19:35:00','DELHI','Confirmed'),(1837,'2020-09-01 13:59:42','CHENNAI',45000,'2020-08-21','2T-519','19:35:00','DELHI','Confirmed'),(1841,'2020-09-01 14:03:32','CHENNAI',45000,'2020-08-21','2T-519','19:35:00','DELHI','Confirmed'),(1845,'2020-09-01 14:15:25','CHENNAI',45000,'2020-08-21','2T-519','19:35:00','DELHI','Confirmed'),(1849,'2020-09-01 14:17:47','CHENNAI',45000,'2020-08-21','2T-519','19:35:00','DELHI','CHECKED-IN'),(1855,'2020-09-01 14:27:15','CHENNAI',45000,'2020-08-21','2T-519','19:35:00','DELHI','Confirmed'),(1859,'2020-09-03 13:29:24','CHENNAI',45000,'2020-08-21','2T-519','19:35:00','DELHI','Confirmed'),(1863,'2020-09-03 13:30:31','CHENNAI',45000,'2020-08-21','2T-519','19:35:00','DELHI','Confirmed'),(1867,'2020-09-03 14:01:36','CHENNAI',45000,'2020-08-21','2T-519','19:35:00','DELHI','Confirmed'),(1871,'2020-09-03 14:05:06','CHENNAI',45000,'2020-08-21','2T-519','19:35:00','DELHI','Confirmed'),(1875,'2020-09-03 14:11:30','CHENNAI',45000,'2020-08-21','2T-519','19:35:00','DELHI','Confirmed'),(1879,'2020-09-03 14:36:49','CHENNAI',45000,'2020-08-21','2T-519','19:35:00','DELHI','Confirmed'),(1883,'2020-09-03 14:38:14','CHENNAI',45000,'2020-08-21','2T-519','19:35:00','DELHI','Confirmed'),(1887,'2020-09-03 14:38:15','CHENNAI',45000,'2020-08-21','2T-519','19:35:00','DELHI','Confirmed'),(1891,'2020-09-03 14:38:16','CHENNAI',45000,'2020-08-21','2T-519','19:35:00','DELHI','Confirmed'),(1895,'2020-09-03 14:38:17','CHENNAI',45000,'2020-08-21','2T-519','19:35:00','DELHI','Confirmed'),(1899,'2020-09-03 15:05:35','CHENNAI',45000,'2020-08-21','2T-519','19:35:00','DELHI','Confirmed'),(1903,'2020-09-03 15:05:37','CHENNAI',45000,'2020-08-21','2T-519','19:35:00','DELHI','Confirmed'),(1907,'2020-09-03 15:05:39','CHENNAI',45000,'2020-08-21','2T-519','19:35:00','DELHI','CHECKED-IN'),(1911,'2020-09-03 15:05:39','CHENNAI',45000,'2020-08-21','2T-519','19:35:00','DELHI','CHECKED-IN'),(1915,'2020-09-03 15:05:40','CHENNAI',45000,'2020-08-21','2T-519','19:35:00','DELHI','CHECKED-IN'),(1919,'2020-09-14 16:54:51','MANGALORE',26229,'2020-08-21','6E-6687','03:15:00','HYDERABAD','CHECKED-IN'),(1924,'2020-10-07 13:32:21','CHENNAI',10000,'2020-08-21','UK-831','11:30:00','DELHI','Confirmed'),(1927,'2020-10-09 10:13:09','CHENNAI',3600,'2020-08-21','UK-832','11:55:00','DELHI','CHECKED-IN'),(1932,'2020-11-04 10:48:47','HYDERABAD',7638,'2020-11-21','AI-870','02:45:00','PUNE','CHECKED-IN'),(1946,'2020-11-10 11:52:28','CHENNAI',44000,'2020-11-21','2T-518','10:15:00','DELHI','Confirmed'),(1951,'2020-11-16 11:55:03','MANGALORE',26229,'2020-11-21','6E-6687','03:15:00','HYDERABAD','Confirmed'),(1955,'2020-11-16 12:01:50','MANGALORE',26229,'2020-11-21','6E-6687','03:15:00','HYDERABAD','Confirmed'),(1959,'2020-11-16 12:05:52','MANGALORE',26229,'2020-11-21','6E-6687','03:15:00','HYDERABAD','CHECKED-IN'),(1964,'2020-11-16 12:45:42','MANGALORE',26229,'2020-11-21','6E-6687','03:15:00','HYDERABAD','Confirmed'),(1968,'2020-11-16 12:51:02','MANGALORE',26229,'2020-11-21','6E-6687','03:15:00','HYDERABAD','Confirmed'),(1972,'2020-11-16 12:51:03','MANGALORE',26229,'2020-11-21','6E-6687','03:15:00','HYDERABAD','Confirmed'),(1976,'2020-11-16 12:51:04','MANGALORE',26229,'2020-11-21','6E-6687','03:15:00','HYDERABAD','Confirmed'),(1980,'2020-11-16 12:55:53','MANGALORE',26229,'2020-11-21','6E-6687','03:15:00','HYDERABAD','Confirmed'),(1984,'2020-11-16 12:55:53','MANGALORE',26229,'2020-11-21','6E-6687','03:15:00','HYDERABAD','Confirmed'),(1988,'2020-11-16 12:55:54','MANGALORE',26229,'2020-11-21','6E-6687','03:15:00','HYDERABAD','Confirmed'),(1992,'2020-11-16 12:55:55','MANGALORE',26229,'2020-11-21','6E-6687','03:15:00','HYDERABAD','Confirmed'),(1996,'2020-11-16 22:37:47','MANGALORE',26229,'2020-11-21','6E-6687','03:15:00','HYDERABAD','Confirmed'),(2000,'2020-11-16 22:38:35','MANGALORE',26229,'2020-11-21','6E-6687','03:15:00','HYDERABAD','Confirmed'),(2004,'2020-11-16 22:38:36','MANGALORE',26229,'2020-11-21','6E-6687','03:15:00','HYDERABAD','Confirmed'),(2008,'2020-11-16 22:38:37','MANGALORE',26229,'2020-11-21','6E-6687','03:15:00','HYDERABAD','Confirmed'),(2012,'2020-11-16 22:38:38','MANGALORE',26229,'2020-11-21','6E-6687','03:15:00','HYDERABAD','Confirmed'),(2016,'2020-11-17 11:58:14','MANGALORE',17486,'2020-11-21','6E-6687','03:15:00','HYDERABAD','Confirmed'),(2019,'2020-11-17 11:59:39','MANGALORE',17486,'2020-11-21','6E-6687','03:15:00','HYDERABAD','Confirmed'),(2022,'2020-11-17 11:59:40','MANGALORE',17486,'2020-11-21','6E-6687','03:15:00','HYDERABAD','Confirmed'),(2025,'2020-11-17 11:59:41','MANGALORE',17486,'2020-11-21','6E-6687','03:15:00','HYDERABAD','Confirmed'),(2028,'2020-11-17 11:59:42','MANGALORE',17486,'2020-11-21','6E-6687','03:15:00','HYDERABAD','Confirmed'),(2031,'2020-11-17 11:59:43','MANGALORE',17486,'2020-11-21','6E-6687','03:15:00','HYDERABAD','Confirmed'),(2034,'2020-11-17 11:59:43','MANGALORE',17486,'2020-11-21','6E-6687','03:15:00','HYDERABAD','Confirmed'),(2037,'2020-11-17 11:59:44','MANGALORE',17486,'2020-11-21','6E-6687','03:15:00','HYDERABAD','Confirmed'),(2040,'2020-11-17 13:01:33','MANGALORE',17486,'2020-11-21','6E-6687','03:15:00','HYDERABAD','Confirmed'),(2043,'2020-11-17 13:01:34','MANGALORE',17486,'2020-11-21','6E-6687','03:15:00','HYDERABAD','Confirmed'),(2046,'2020-11-17 13:01:35','MANGALORE',17486,'2020-11-21','6E-6687','03:15:00','HYDERABAD','Confirmed'),(2049,'2020-11-17 13:01:36','MANGALORE',17486,'2020-11-21','6E-6687','03:15:00','HYDERABAD','Confirmed'),(2051,'2020-11-17 17:59:52','CHENNAI',45000,'2020-11-21','2T-519','19:35:00','DELHI','CONFIRMED'),(2053,'2020-11-17 18:02:50','CHENNAI',45000,'2020-11-21','2T-519','19:35:00','DELHI','CONFIRMED'),(2055,'2020-11-17 18:04:09','CHENNAI',45000,'2020-11-21','2T-519','19:35:00','DELHI','CONFIRMED'),(2057,'2020-11-17 18:05:38','CHENNAI',45000,'2020-11-21','2T-519','19:35:00','DELHI','CONFIRMED'),(2061,'2020-11-19 18:30:53','CHENNAI',10000,'2020-11-21','UK-831','11:30:00','DELHI','CONFIRMED'),(2064,'2020-11-19 18:35:24','CHENNAI',10000,'2020-11-21','UK-831','11:30:00','DELHI','CONFIRMED');
/*!40000 ALTER TABLE `booking_record` ENABLE KEYS */;
UNLOCK TABLES;

--
-- Table structure for table `check_in`
--

DROP TABLE IF EXISTS `check_in`;
/*!40101 SET @saved_cs_client     = @@character_set_client */;
/*!50503 SET character_set_client = utf8mb4 */;
CREATE TABLE `check_in` (
  `checkin_id` int(11) NOT NULL,
  `booking_id` bigint(20) NOT NULL,
  `checkin_time` datetime DEFAULT NULL,
  `flight_number` varchar(255) DEFAULT NULL,
  `seat_number` varchar(255) DEFAULT NULL,
  `passenger_id` bigint(20) DEFAULT NULL,
  PRIMARY KEY (`checkin_id`),
  KEY `FKmt1xu88o2t1fk5xgbsrih9l1c` (`passenger_id`),
  CONSTRAINT `FKmt1xu88o2t1fk5xgbsrih9l1c` FOREIGN KEY (`passenger_id`) REFERENCES `passenger` (`passenger_id`)
) ENGINE=InnoDB DEFAULT CHARSET=utf8mb4 COLLATE=utf8mb4_0900_ai_ci;
/*!40101 SET character_set_client = @saved_cs_client */;

--
-- Dumping data for table `check_in`
--

LOCK TABLES `check_in` WRITE;
/*!40000 ALTER TABLE `check_in` DISABLE KEYS */;
INSERT INTO `check_in` VALUES (194,191,'2020-07-24 12:33:03','2T-518','F4',190),(199,196,'2020-07-24 15:15:24','UK-833','F4',195),(811,184,'2020-08-08 07:28:54','UK-830','F4',183),(812,269,'2020-08-08 07:32:51','AI-850','F4',268),(1125,1122,'2020-08-10 13:01:57','AI-840','F4',1121),(1126,1118,'2020-08-10 13:06:53','AI-840','F4',1117),(1171,1168,'2020-08-11 16:35:20','AI-840','F4',1167),(1172,1164,'2020-08-11 16:37:38','AI-840','F4',1163),(1222,1219,'2020-08-12 14:25:45','2T-518','A1',1218),(1223,1215,'2020-08-12 14:28:06','AI-840','A1',1214),(1224,1212,'2020-08-12 14:29:56','AI-840','A1',1211),(1225,1219,'2020-08-12 14:30:10','2T-518','A1',1218),(1397,1395,'2020-08-13 12:31:24','UK-830','F4',1394),(1434,1431,'2020-08-13 17:33:38','AI-860','B4',1430),(1515,1395,'2020-08-17 18:03:09','UK-830','B4',1394),(1600,1597,'2020-08-19 14:50:58','AI-860','A1',1596),(1609,1606,'2020-08-19 16:00:01','AI-860','F4',1605),(1614,1611,'2020-08-19 16:04:35','AI-860','F4',1610),(1819,1816,'2020-08-31 14:24:00','UK-830','A1',1815),(1852,1849,'2020-09-01 14:21:46','2T-519','A1',1848),(1853,1849,'2020-09-01 14:22:40','2T-519','A1',1848),(1922,1919,'2020-09-14 16:59:29','6E-6687','A1',1918),(1937,1932,'2020-11-05 10:18:01','AI-870','B3',1931),(1938,1927,'2020-11-05 10:19:42','UK-832','B3',1926),(1939,1915,'2020-11-05 10:20:08','2T-519','B3',1914),(1940,1911,'2020-11-05 10:20:26','2T-519','B3',1910),(1941,1907,'2020-11-05 10:20:31','2T-519','B3',1906),(1962,1959,'2020-11-16 12:12:06','6E-6687','A1',1958);
/*!40000 ALTER TABLE `check_in` ENABLE KEYS */;
UNLOCK TABLES;

--
-- Table structure for table `co_passenger`
--

DROP TABLE IF EXISTS `co_passenger`;
/*!40101 SET @saved_cs_client     = @@character_set_client */;
/*!50503 SET character_set_client = utf8mb4 */;
CREATE TABLE `co_passenger` (
  `copassenger_id` bigint(20) NOT NULL,
  `first_name` varchar(255) DEFAULT NULL,
  `gender` varchar(255) DEFAULT NULL,
  `last_name` varchar(255) DEFAULT NULL,
  PRIMARY KEY (`copassenger_id`)
) ENGINE=InnoDB DEFAULT CHARSET=utf8mb4 COLLATE=utf8mb4_0900_ai_ci;
/*!40101 SET character_set_client = @saved_cs_client */;

--
-- Dumping data for table `co_passenger`
--

LOCK TABLES `co_passenger` WRITE;
/*!40000 ALTER TABLE `co_passenger` DISABLE KEYS */;
INSERT INTO `co_passenger` VALUES (192,'P1','Male','P11'),(193,'P2','Female','P22'),(197,'Rose','Female','Dawn'),(198,'Lisa','Female','Clark'),(202,'Passenger1','Male','Pss1'),(205,'Passenger1','Male','Pss1'),(208,'Passenger1','Male','Pss1'),(211,'Passenger1','Male','Pss1'),(214,'Passenger1','Male','Pss1'),(217,'Passenger1','Male','Pss1'),(220,'Passenger1','Male','Pss1'),(224,'Passenger1','Male','Pss1'),(227,'Passenger1','Male','Pss1'),(230,'Passenger1','Male','Pss1'),(233,'Passenger1','Male','Pss1'),(236,'Passenger1','Male','Pss1'),(239,'Passenger1','Male','Pss1'),(242,'Passenger1','Male','Pss1'),(245,'Passenger1','Male','Pss1'),(247,'Passenger1','Male','Pss1'),(251,'Passenger1','Male','Pss1'),(254,'Passenger1','Male','Pss1'),(257,'Passenger1','Male','Pss1'),(260,'Passenger1','Male','Pss1'),(263,'Passenger1','Male','Pss1'),(266,'Passenger1','Male','Passenger1_lastname'),(267,'Passenger2','Female','Passenger2_lastname'),(270,'Passenger1','Male','Passenger1_lastname'),(271,'Passenger2','Female','Passenger2_lastname'),(1055,'Passenger1','Male','Passenger1_lastname'),(1056,'Passenger2','Female','Passenger2_lastname'),(1059,'Passenger1','Male','Passenger1_lastname'),(1060,'Passenger2','Female','Passenger2_lastname'),(1063,'Passenger1','Male','Passenger1_lastname'),(1064,'Passenger2','Female','Passenger2_lastname'),(1067,'Passenger1','Male','Passenger1_lastname'),(1068,'Passenger2','Female','Passenger2_lastname'),(1071,'Passenger1','Male','Passenger1_lastname'),(1072,'Passenger2','Female','Passenger2_lastname'),(1075,'Passenger1','Male','Passenger1_lastname'),(1076,'Passenger2','Female','Passenger2_lastname'),(1079,'Passenger1','Male','Passenger1_lastname'),(1080,'Passenger2','Female','Passenger2_lastname'),(1083,'Passenger1','Male','Passenger1_lastname'),(1084,'Passenger2','Female','Passenger2_lastname'),(1087,'Passenger1','Male','Passenger1_lastname'),(1088,'Passenger2','Female','Passenger2_lastname'),(1091,'Passenger1','Male','Passenger1_lastname'),(1092,'Passenger2','Female','Passenger2_lastname'),(1095,'Passenger1','Male','Passenger1_lastname'),(1096,'Passenger2','Female','Passenger2_lastname'),(1099,'Passenger1','Male','Passenger1_lastname'),(1100,'Passenger2','Female','Passenger2_lastname'),(1103,'Passenger1','Male','Passenger1_lastname'),(1104,'Passenger2','Female','Passenger2_lastname'),(1107,'Passenger1','Male','Passenger1_lastname'),(1108,'Passenger2','Female','Passenger2_lastname'),(1111,'Passenger1','Male','Passenger1_lastname'),(1112,'Passenger2','Female','Passenger2_lastname'),(1115,'Passenger1','Male','Passenger1_lastname'),(1116,'Passenger2','Female','Passenger2_lastname'),(1119,'Passenger1','Male','Passenger1_lastname'),(1120,'Passenger2','Female','Passenger2_lastname'),(1123,'Passenger1','Male','Passenger1_lastname'),(1124,'Passenger2','Female','Passenger2_lastname'),(1129,'Passenger1','Male','Passenger1_lastname'),(1130,'Passenger2','Female','Passenger2_lastname'),(1133,'Passenger1','Male','Passenger1_lastname'),(1134,'Passenger2','Female','Passenger2_lastname'),(1137,'Passenger1','Male','Passenger1_lastname'),(1138,'Passenger2','Female','Passenger2_lastname'),(1141,'Passenger1','Male','Passenger1_lastname'),(1142,'Passenger2','Female','Passenger2_lastname'),(1145,'Passenger1','Male','Passenger1_lastname'),(1146,'Passenger2','Female','Passenger2_lastname'),(1149,'Passenger1','Male','Passenger1_lastname'),(1150,'Passenger2','Female','Passenger2_lastname'),(1153,'Passenger1','Male','Passenger1_lastname'),(1154,'Passenger2','Female','Passenger2_lastname'),(1157,'Passenger1','Male','Passenger1_lastname'),(1158,'Passenger2','Female','Passenger2_lastname'),(1161,'Passenger1','Male','Passenger1_lastname'),(1162,'Passenger2','Female','Passenger2_lastname'),(1165,'Passenger1','Male','Passenger1_lastname'),(1166,'Passenger2','Female','Passenger2_lastname'),(1169,'Passenger1','Male','Passenger1_lastname'),(1170,'Passenger2','Female','Passenger2_lastname'),(1175,'Passenger1','Male','Passenger1_lastname'),(1176,'Passenger2','Female','Passenger2_lastname'),(1179,'Passenger1','Male','Passenger1_lastname'),(1180,'Passenger2','Female','Passenger2_lastname'),(1183,'SRIRAM','Male','COLONY'),(1186,'SRIRAM','Male','COLONY'),(1189,'SRIRAM','Male','COLONY'),(1192,'SRIRAM','Male','COLONY'),(1195,'SRIRAM','Male','COLONY'),(1198,'SRIRAM','Male','COLONY'),(1201,'SRIRAM','Male','COLONY'),(1204,'SRIRAM','Male','COLONY'),(1207,'SRIRAM','Male','COLONY'),(1210,'SRIRAM','Male','COLONY'),(1213,'SRIRAM','Male','COLONY'),(1216,'Richards','Male','Varma'),(1217,'Adam','Female','Dev'),(1220,'Praveen','Male','Reddy'),(1221,'Latha','Female','Kumari'),(1228,'Passenger1','Male','Passenger1_lastname'),(1229,'Passenger2','Female','Passenger2_lastname'),(1232,'Passenger1','Male','Passenger1_lastname'),(1233,'Passenger2','Female','Passenger2_lastname'),(1236,'Praveen','Male','Reddy'),(1241,'SRIRAM','Male','COLONY'),(1246,'SRIRAM','Male','COLONY'),(1247,'',NULL,''),(1250,'SRIRAM','Female','COLONY'),(1253,'SRIRAM','Male','COLONY'),(1256,'SRIRAM','Male','COLONY'),(1259,'SRIRAM','Male','COLONY'),(1262,'SRIRAM','Male','COLONY'),(1265,'SRIRAM','Male','COLONY'),(1268,'SRIRAM','Male','COLONY'),(1271,'SRIRAM','Female','COLONY'),(1272,'Praveen','Male','Reddy'),(1273,'SRIRAM','Female','COLONY'),(1276,'SRIRAM','Female','COLONY'),(1277,'Praveen','Male','Reddy'),(1278,'SRIRAM','Female','COLONY'),(1281,'SRIRAM','Female','COLONY'),(1282,'Praveen','Male','Reddy'),(1283,'SRIRAM','Female','COLONY'),(1286,'SRIRAM','Female','COLONY'),(1287,'Praveen','Male','Reddy'),(1288,'SRIRAM','Female','COLONY'),(1291,'SRIRAM','Female','COLONY'),(1292,'Praveen','Male','Reddy'),(1293,'SRIRAM','Female','COLONY'),(1296,'SRIRAM','Female','COLONY'),(1297,'Praveen','Male','Reddy'),(1298,'SRIRAM','Female','COLONY'),(1301,'SRIRAM','Female','COLONY'),(1302,'Praveen','Male','Reddy'),(1303,'SRIRAM','Female','COLONY'),(1306,'SRIRAM','Female','COLONY'),(1307,'Praveen','Male','Reddy'),(1308,'SRIRAM','Female','COLONY'),(1311,'SRIRAM','Female','COLONY'),(1312,'Praveen','Male','Reddy'),(1313,'SRIRAM','Female','COLONY'),(1316,'SRIRAM','Female','COLONY'),(1317,'Praveen','Male','Reddy'),(1318,'SRIRAM','Female','COLONY'),(1321,'SRIRAM','Female','COLONY'),(1322,'Praveen','Male','Reddy'),(1323,'SRIRAM','Female','COLONY'),(1326,'SRIRAM','Female','COLONY'),(1327,'Praveen','Male','Reddy'),(1328,'SRIRAM','Female','COLONY'),(1331,'SRIRAM','Female','COLONY'),(1332,'Praveen','Male','Reddy'),(1333,'SRIRAM','Female','COLONY'),(1336,'SRIRAM','Female','COLONY'),(1337,'Praveen','Male','Reddy'),(1338,'SRIRAM','Female','COLONY'),(1341,'SRIRAM','Female','COLONY'),(1342,'Praveen','Male','Reddy'),(1343,'SRIRAM','Female','COLONY'),(1346,'SRIRAM','Female','COLONY'),(1347,'Praveen','Male','Reddy'),(1348,'SRIRAM','Female','COLONY'),(1351,'SRIRAM','Female','COLONY'),(1352,'Praveen','Male','Reddy'),(1353,'SRIRAM','Female','COLONY'),(1356,'SRIRAM','Female','COLONY'),(1357,'Praveen','Male','Reddy'),(1358,'SRIRAM','Female','COLONY'),(1361,'SRIRAM','Female','COLONY'),(1362,'Praveen','Male','Reddy'),(1363,'SRIRAM','Female','COLONY'),(1366,'SRIRAM','Female','COLONY'),(1367,'Praveen','Male','Reddy'),(1368,'SRIRAM','Female','COLONY'),(1371,'SRIRAM','Female','COLONY'),(1372,'Praveen','Male','Reddy'),(1373,'SRIRAM','Female','COLONY'),(1376,'SRIRAM','Female','COLONY'),(1377,'Praveen','Male','Reddy'),(1378,'SRIRAM','Female','COLONY'),(1381,'Praveen','Male','Reddy'),(1382,'SRIRAM','Female','COLONY'),(1383,'Praveen','Male','Reddy'),(1386,'Praveen','Male','Reddy'),(1387,'SRIRAM','Female','COLONY'),(1388,'Praveen','Male','Reddy'),(1391,'SRIRAM','Female','COLONY'),(1392,'Praveen','Male','Reddy'),(1393,'SRIRAM','Female','COLONY'),(1396,'SRIRAM',NULL,'COLONY'),(1400,'Passenger1','Male','Passenger1_lastname'),(1401,'Passenger2','Female','Passenger2_lastname'),(1404,'Passenger1','Male','Passenger1_lastname'),(1405,'Passenger2','Female','Passenger2_lastname'),(1408,'Passenger1','Male','Passenger1_lastname'),(1409,'Passenger2','Female','Passenger2_lastname'),(1412,'Passenger1','Male','Passenger1_lastname'),(1413,'Passenger2','Female','Passenger2_lastname'),(1416,'Passenger1','Male','Passenger1_lastname'),(1417,'Passenger2','Female','Passenger2_lastname'),(1420,'Passenger1','Male','Passenger1_lastname'),(1421,'Passenger2','Female','Passenger2_lastname'),(1424,'Passenger1','Male','Passenger1_lastname'),(1425,'Passenger2','Female','Passenger2_lastname'),(1428,'Passenger1','Male','Passenger1_lastname'),(1429,'Passenger2','Female','Passenger2_lastname'),(1432,'Passenger1','Male','Passenger1_lastname'),(1433,'Passenger2','Female','Passenger2_lastname'),(1437,'Passenger1','Male','Passenger1_lastname'),(1438,'Passenger2','Female','Passenger2_lastname'),(1441,'Passenger1','Male','Passenger1_lastname'),(1442,'Passenger2','Female','Passenger2_lastname'),(1445,'Passenger1','Male','Passenger1_lastname'),(1446,'Passenger2','Female','Passenger2_lastname'),(1449,'Passenger1','Male','Passenger1_lastname'),(1450,'Passenger2','Female','Passenger2_lastname'),(1453,'Passenger1','Male','Passenger1_lastname'),(1454,'Passenger2','Female','Passenger2_lastname'),(1457,'Passenger1','Male','Passenger1_lastname'),(1458,'Passenger2','Female','Passenger2_lastname'),(1461,'Passenger1','Male','Passenger1_lastname'),(1462,'Passenger2','Female','Passenger2_lastname'),(1465,'Passenger1','Male','Passenger1_lastname'),(1466,'Passenger2','Female','Passenger2_lastname'),(1469,'Passenger1','Male','Passenger1_lastname'),(1470,'Passenger2','Female','Passenger2_lastname'),(1473,'Passenger1','Male','Passenger1_lastname'),(1474,'Passenger2','Female','Passenger2_lastname'),(1477,'Passenger1','Male','Passenger1_lastname'),(1478,'Passenger2','Female','Passenger2_lastname'),(1481,'Passenger1','Male','Passenger1_lastname'),(1482,'Passenger2','Female','Passenger2_lastname'),(1485,'Passenger1','Male','Passenger1_lastname'),(1486,'Passenger2','Female','Passenger2_lastname'),(1489,'Passenger1','Male','Passenger1_lastname'),(1490,'Passenger2','Female','Passenger2_lastname'),(1493,'Passenger1','Male','Passenger1_lastname'),(1494,'Passenger2','Female','Passenger2_lastname'),(1497,'Passenger1','Male','Passenger1_lastname'),(1498,'Passenger2','Female','Passenger2_lastname'),(1501,'Passenger1','Male','Passenger1_lastname'),(1502,'Passenger2','Female','Passenger2_lastname'),(1505,'Passenger1','Male','Passenger1_lastname'),(1506,'Passenger2','Female','Passenger2_lastname'),(1509,'Passenger1','Male','Passenger1_lastname'),(1510,'Passenger2','Female','Passenger2_lastname'),(1513,'Passenger1','Male','Passenger1_lastname'),(1514,'Passenger2','Female','Passenger2_lastname'),(1518,'Passenger1','Male','Passenger1_lastname'),(1519,'Passenger2','Female','Passenger2_lastname'),(1522,'Passenger1','Male','Passenger1_lastname'),(1523,'Passenger2','Female','Passenger2_lastname'),(1526,'Passenger1','Male','Passenger1_lastname'),(1527,'Passenger2','Female','Passenger2_lastname'),(1530,'Passenger1','Male','Passenger1_lastname'),(1531,'Passenger2','Female','Passenger2_lastname'),(1534,'Passenger1','Male','Passenger1_lastname'),(1535,'Passenger2','Female','Passenger2_lastname'),(1538,'Passenger1','Male','Passenger1_lastname'),(1539,'Passenger2','Female','Passenger2_lastname'),(1542,'Passenger1','Male','Passenger1_lastname'),(1543,'Passenger2','Female','Passenger2_lastname'),(1546,'Passenger1','Male','Passenger1_lastname'),(1547,'Passenger2','Female','Passenger2_lastname'),(1550,'Passenger1','Male','Passenger1_lastname'),(1551,'Passenger2','Female','Passenger2_lastname'),(1554,'Passenger1','Male','Passenger1_lastname'),(1555,'Passenger2','Female','Passenger2_lastname'),(1558,'Passenger1','Male','Passenger1_lastname'),(1559,'Passenger2','Female','Passenger2_lastname'),(1562,'Passenger1','Male','Passenger1_lastname'),(1563,'Passenger2','Female','Passenger2_lastname'),(1566,'Passenger1','Male','Passenger1_lastname'),(1567,'Passenger2','Female','Passenger2_lastname'),(1570,'Passenger1','Male','Passenger1_lastname'),(1571,'Passenger2','Female','Passenger2_lastname'),(1574,'Passenger1','Male','Passenger1_lastname'),(1575,'Passenger2','Female','Passenger2_lastname'),(1578,'Passenger1','Male','Passenger1_lastname'),(1579,'Passenger2','Female','Passenger2_lastname'),(1582,'Passenger1','Male','Passenger1_lastname'),(1583,'Passenger2','Female','Passenger2_lastname'),(1586,'Passenger1','Male','Passenger1_lastname'),(1587,'Passenger2','Female','Passenger2_lastname'),(1590,'Passenger1','Male','Passenger1_lastname'),(1591,'Passenger2','Female','Passenger2_lastname'),(1594,'Passenger1','Male','Passenger1_lastname'),(1595,'Passenger2','Female','Passenger2_lastname'),(1598,'Passenger1','Male','Passenger1_lastname'),(1599,'Passenger2','Female','Passenger2_lastname'),(1603,'Passenger1','Male','Passenger1_lastname'),(1604,'Passenger2','Female','Passenger2_lastname'),(1607,'Passenger1','Male','Passenger1_lastname'),(1608,'Passenger2','Female','Passenger2_lastname'),(1612,'Passenger1','Male','Passenger1_lastname'),(1613,'Passenger2','Female','Passenger2_lastname'),(1617,'Passenger1','Male','Passenger1_lastname'),(1618,'Passenger2','Female','Passenger2_lastname'),(1621,'Passenger1','Male','Passenger1_lastname'),(1622,'Passenger2','Female','Passenger2_lastname'),(1625,'Passenger1','Male','Passenger1_lastname'),(1626,'Passenger2','Female','Passenger2_lastname'),(1629,'Passenger1','Male','Passenger1_lastname'),(1630,'Passenger2','Female','Passenger2_lastname'),(1633,'Passenger1','Male','Passenger1_lastname'),(1634,'Passenger2','Female','Passenger2_lastname'),(1637,'Passenger1','Male','Passenger1_lastname'),(1638,'Passenger2','Female','Passenger2_lastname'),(1641,'Passenger1','Male','Passenger1_lastname'),(1642,'Passenger2','Female','Passenger2_lastname'),(1645,'Passenger1','Male','Passenger1_lastname'),(1646,'Passenger2','Female','Passenger2_lastname'),(1649,'Passenger1','Male','Passenger1_lastname'),(1650,'Passenger2','Female','Passenger2_lastname'),(1653,'Passenger1','Male','Passenger1_lastname'),(1654,'Passenger2','Female','Passenger2_lastname'),(1657,'Passenger1','Male','Passenger1_lastname'),(1658,'Passenger2','Female','Passenger2_lastname'),(1661,'Passenger1','Male','Passenger1_lastname'),(1662,'Passenger2','Female','Passenger2_lastname'),(1665,'Passenger1','Male','Passenger1_lastname'),(1666,'Passenger2','Female','Passenger2_lastname'),(1669,'Passenger1','Male','Passenger1_lastname'),(1670,'Passenger2','Female','Passenger2_lastname'),(1673,'Passenger1','Male','Passenger1_lastname'),(1674,'Passenger2','Female','Passenger2_lastname'),(1677,'Passenger1','Male','Passenger1_lastname'),(1678,'Passenger2','Female','Passenger2_lastname'),(1681,'Passenger1','Male','Passenger1_lastname'),(1682,'Passenger2','Female','Passenger2_lastname'),(1685,'Passenger1','Male','Passenger1_lastname'),(1686,'Passenger2','Female','Passenger2_lastname'),(1689,'Passenger1','Male','Passenger1_lastname'),(1690,'Passenger2','Female','Passenger2_lastname'),(1693,'Passenger1','Male','Passenger1_lastname'),(1694,'Passenger2','Female','Passenger2_lastname'),(1697,'Passenger1','Male','Passenger1_lastname'),(1698,'Passenger2','Female','Passenger2_lastname'),(1701,'Passenger1','Male','Passenger1_lastname'),(1702,'Passenger2','Female','Passenger2_lastname'),(1705,'Passenger1','Male','Passenger1_lastname'),(1706,'Passenger2','Female','Passenger2_lastname'),(1709,'Passenger1','Male','Passenger1_lastname'),(1710,'Passenger2','Female','Passenger2_lastname'),(1713,'Passenger1','Male','Passenger1_lastname'),(1714,'Passenger2','Female','Passenger2_lastname'),(1717,'Passenger1','Male','Passenger1_lastname'),(1718,'Passenger2','Female','Passenger2_lastname'),(1721,'Passenger1','Male','Passenger1_lastname'),(1722,'Passenger2','Female','Passenger2_lastname'),(1725,'Passenger1','Male','Passenger1_lastname'),(1726,'Passenger2','Female','Passenger2_lastname'),(1729,'Passenger1','Male','Passenger1_lastname'),(1730,'Passenger2','Female','Passenger2_lastname'),(1733,'Passenger1','Male','Passenger1_lastname'),(1734,'Passenger2','Female','Passenger2_lastname'),(1737,'Passenger1','Male','Passenger1_lastname'),(1738,'Passenger2','Female','Passenger2_lastname'),(1741,'Passenger1','Male','Passenger1_lastname'),(1742,'Passenger2','Female','Passenger2_lastname'),(1745,'Passenger1','Male','Passenger1_lastname'),(1746,'Passenger2','Female','Passenger2_lastname'),(1749,'Passenger1','Male','Passenger1_lastname'),(1750,'Passenger2','Female','Passenger2_lastname'),(1753,'Passenger1','Male','Passenger1_lastname'),(1754,'Passenger2','Female','Passenger2_lastname'),(1757,'Passenger1','Male','Passenger1_lastname'),(1758,'Passenger2','Female','Passenger2_lastname'),(1761,'Passenger1','Male','Passenger1_lastname'),(1762,'Passenger2','Female','Passenger2_lastname'),(1765,'Passenger1','Male','Passenger1_lastname'),(1766,'Passenger2','Female','Passenger2_lastname'),(1769,'Passenger1','Male','Passenger1_lastname'),(1770,'Passenger2','Female','Passenger2_lastname'),(1773,'Passenger1','Male','Passenger1_lastname'),(1774,'Passenger2','Female','Passenger2_lastname'),(1777,'Passenger1','Male','Passenger1_lastname'),(1778,'Passenger2','Female','Passenger2_lastname'),(1781,'Passenger1','Male','Passenger1_lastname'),(1782,'Passenger2','Female','Passenger2_lastname'),(1785,'Passenger1','Male','Passenger1_lastname'),(1786,'Passenger2','Female','Passenger2_lastname'),(1789,'Passenger1','Male','Passenger1_lastname'),(1790,'Passenger2','Female','Passenger2_lastname'),(1793,'Passenger1','Male','Passenger1_lastname'),(1794,'Passenger2','Female','Passenger2_lastname'),(1797,'Passenger1','Male','Passenger1_lastname'),(1798,'Passenger2','Female','Passenger2_lastname'),(1801,'Passenger1','Male','Passenger1_lastname'),(1802,'Passenger2','Female','Passenger2_lastname'),(1805,'Passenger1','Male','Passenger1_lastname'),(1806,'Passenger2','Female','Passenger2_lastname'),(1809,'Passenger1','Male','Passenger1_lastname'),(1810,'Passenger2','Female','Passenger2_lastname'),(1813,'Passenger1','Male','Passenger1_lastname'),(1814,'Passenger2','Female','Passenger2_lastname'),(1817,'Passenger1','Male','Passenger1_lastname'),(1818,'Passenger2','Female','Passenger2_lastname'),(1822,'Passenger1','Male','Passenger1_lastname'),(1823,'Passenger2','Female','Passenger2_lastname'),(1826,'Passenger1','Male','Passenger1_lastname'),(1827,'Passenger2','Female','Passenger2_lastname'),(1830,'Passenger1','Male','Passenger1_lastname'),(1831,'Passenger2','Female','Passenger2_lastname'),(1834,'Passenger1','Male','Passenger1_lastname'),(1835,'Passenger2','Female','Passenger2_lastname'),(1838,'Passenger1','Male','Passenger1_lastname'),(1839,'Passenger2','Female','Passenger2_lastname'),(1842,'Passenger1','Male','Passenger1_lastname'),(1843,'Passenger2','Female','Passenger2_lastname'),(1846,'Passenger1','Male','Passenger1_lastname'),(1847,'Passenger2','Female','Passenger2_lastname'),(1850,'Passenger1','Male','Passenger1_lastname'),(1851,'Passenger2','Female','Passenger2_lastname'),(1856,'Passenger1','Male','Passenger1_lastname'),(1857,'Passenger2','Female','Passenger2_lastname'),(1860,'Passenger1','Male','Passenger1_lastname'),(1861,'Passenger2','Female','Passenger2_lastname'),(1864,'Passenger1','Male','Passenger1_lastname'),(1865,'Passenger2','Female','Passenger2_lastname'),(1868,'Passenger1','Male','Passenger1_lastname'),(1869,'Passenger2','Female','Passenger2_lastname'),(1872,'Passenger1','Male','Passenger1_lastname'),(1873,'Passenger2','Female','Passenger2_lastname'),(1876,'Passenger1','Male','Passenger1_lastname'),(1877,'Passenger2','Female','Passenger2_lastname'),(1880,'Passenger1','Male','Passenger1_lastname'),(1881,'Passenger2','Female','Passenger2_lastname'),(1884,'Passenger1','Male','Passenger1_lastname'),(1885,'Passenger2','Female','Passenger2_lastname'),(1888,'Passenger1','Male','Passenger1_lastname'),(1889,'Passenger2','Female','Passenger2_lastname'),(1892,'Passenger1','Male','Passenger1_lastname'),(1893,'Passenger2','Female','Passenger2_lastname'),(1896,'Passenger1','Male','Passenger1_lastname'),(1897,'Passenger2','Female','Passenger2_lastname'),(1900,'Passenger1','Male','Passenger1_lastname'),(1901,'Passenger2','Female','Passenger2_lastname'),(1904,'Passenger1','Male','Passenger1_lastname'),(1905,'Passenger2','Female','Passenger2_lastname'),(1908,'Passenger1','Male','Passenger1_lastname'),(1909,'Passenger2','Female','Passenger2_lastname'),(1912,'Passenger1','Male','Passenger1_lastname'),(1913,'Passenger2','Female','Passenger2_lastname'),(1916,'Passenger1','Male','Passenger1_lastname'),(1917,'Passenger2','Female','Passenger2_lastname'),(1920,'Passenger1','Male','Passenger1_lastname'),(1921,'Passenger2','Female','Passenger2_lastname'),(1925,'Praveen','Male','Reddy'),(1928,'Gopu','Female','divya'),(1929,'Ram','Male','Kumar'),(1933,'Ruth','Female','Ella'),(1934,'David','Male','Joe'),(1947,'Ella','Female','Ego'),(1948,'Sresti','Female','Dom'),(1949,'Doe','Male','Di'),(1952,'Passenger1','Male','Passenger1_lastname'),(1953,'Passenger2','Female','Passenger2_lastname'),(1956,'Passenger1','Male','Passenger1_lastname'),(1957,'Passenger2','Female','Passenger2_lastname'),(1960,'Passenger1','Male','Passenger1_lastname'),(1961,'Passenger2','Female','Passenger2_lastname'),(1965,'Passenger1','Male','Passenger1_lastname'),(1966,'Passenger2','Female','Passenger2_lastname'),(1969,'Passenger1','Male','Passenger1_lastname'),(1970,'Passenger2','Female','Passenger2_lastname'),(1973,'Passenger1','Male','Passenger1_lastname'),(1974,'Passenger2','Female','Passenger2_lastname'),(1977,'Passenger1','Male','Passenger1_lastname'),(1978,'Passenger2','Female','Passenger2_lastname'),(1981,'Passenger1','Male','Passenger1_lastname'),(1982,'Passenger2','Female','Passenger2_lastname'),(1985,'Passenger1','Male','Passenger1_lastname'),(1986,'Passenger2','Female','Passenger2_lastname'),(1989,'Passenger1','Male','Passenger1_lastname'),(1990,'Passenger2','Female','Passenger2_lastname'),(1993,'Passenger1','Male','Passenger1_lastname'),(1994,'Passenger2','Female','Passenger2_lastname'),(1997,'Passenger1','Male','Passenger1_lastname'),(1998,'Passenger2','Female','Passenger2_lastname'),(2001,'Passenger1','Male','Passenger1_lastname'),(2002,'Passenger2','Female','Passenger2_lastname'),(2005,'Passenger1','Male','Passenger1_lastname'),(2006,'Passenger2','Female','Passenger2_lastname'),(2009,'Passenger1','Male','Passenger1_lastname'),(2010,'Passenger2','Female','Passenger2_lastname'),(2013,'Passenger1','Male','Passenger1_lastname'),(2014,'Passenger2','Female','Passenger2_lastname'),(2017,'Passenger1','Male','Passenger1_lastname'),(2020,'Passenger1','Male','Passenger1_lastname'),(2023,'Passenger1','Male','Passenger1_lastname'),(2026,'Passenger1','Male','Passenger1_lastname'),(2029,'Passenger1','Male','Passenger1_lastname'),(2032,'Passenger1','Male','Passenger1_lastname'),(2035,'Passenger1','Male','Passenger1_lastname'),(2038,'Passenger1','Male','Passenger1_lastname'),(2041,'Passenger1','Male','Passenger1_lastname'),(2044,'Passenger1','Male','Passenger1_lastname'),(2047,'Passenger1','Male','Passenger1_lastname'),(2050,'Passenger1','Male','Passenger1_lastname'),(2059,'Nik','Female','John'),(2060,'Dev','Male','Ora'),(2063,'Gopu','Male','divya'),(2066,'Gopu','Male','divya');
/*!40000 ALTER TABLE `co_passenger` ENABLE KEYS */;
UNLOCK TABLES;

--
-- Table structure for table `copassenger_info`
--

DROP TABLE IF EXISTS `copassenger_info`;
/*!40101 SET @saved_cs_client     = @@character_set_client */;
/*!50503 SET character_set_client = utf8mb4 */;
CREATE TABLE `copassenger_info` (
  `passenger_id` bigint(20) NOT NULL,
  `copassenger_id` bigint(20) NOT NULL,
  UNIQUE KEY `UK_mwnnd4vcr6jworsprfoh9pda3` (`copassenger_id`),
  KEY `FK2io4rr5kg656cwu4daj5dejkf` (`passenger_id`),
  CONSTRAINT `FK2io4rr5kg656cwu4daj5dejkf` FOREIGN KEY (`passenger_id`) REFERENCES `passenger` (`passenger_id`),
  CONSTRAINT `FK9yfae4enkkgxvbqdxgexh736r` FOREIGN KEY (`copassenger_id`) REFERENCES `co_passenger` (`copassenger_id`)
) ENGINE=InnoDB DEFAULT CHARSET=utf8mb4 COLLATE=utf8mb4_0900_ai_ci;
/*!40101 SET character_set_client = @saved_cs_client */;

--
-- Dumping data for table `copassenger_info`
--

LOCK TABLES `copassenger_info` WRITE;
/*!40000 ALTER TABLE `copassenger_info` DISABLE KEYS */;
INSERT INTO `copassenger_info` VALUES (190,192),(190,193),(195,197),(195,198),(200,202),(203,205),(206,208),(209,211),(212,214),(215,217),(218,220),(222,224),(225,227),(228,230),(231,233),(234,236),(237,239),(240,242),(243,245),(246,247),(250,251),(253,254),(256,257),(258,260),(261,263),(264,266),(264,267),(268,270),(268,271),(1053,1055),(1053,1056),(1057,1059),(1057,1060),(1061,1063),(1061,1064),(1065,1067),(1065,1068),(1069,1071),(1069,1072),(1073,1075),(1073,1076),(1077,1079),(1077,1080),(1081,1083),(1081,1084),(1085,1087),(1085,1088),(1089,1091),(1089,1092),(1093,1095),(1093,1096),(1097,1099),(1097,1100),(1101,1103),(1101,1104),(1105,1107),(1105,1108),(1109,1111),(1109,1112),(1113,1115),(1113,1116),(1117,1119),(1117,1120),(1121,1123),(1121,1124),(1127,1129),(1127,1130),(1131,1133),(1131,1134),(1135,1137),(1135,1138),(1139,1141),(1139,1142),(1143,1145),(1143,1146),(1147,1149),(1147,1150),(1151,1153),(1151,1154),(1155,1157),(1155,1158),(1159,1161),(1159,1162),(1163,1165),(1163,1166),(1167,1169),(1167,1170),(1173,1175),(1173,1176),(1177,1179),(1177,1180),(1181,1183),(1184,1186),(1187,1189),(1190,1192),(1193,1195),(1196,1198),(1199,1201),(1202,1204),(1205,1207),(1208,1210),(1211,1213),(1214,1216),(1214,1217),(1218,1220),(1218,1221),(1226,1228),(1226,1229),(1230,1232),(1230,1233),(1234,1236),(1239,1241),(1244,1246),(1244,1247),(1248,1250),(1251,1253),(1254,1256),(1257,1259),(1260,1262),(1263,1265),(1266,1268),(1269,1271),(1269,1272),(1269,1273),(1274,1276),(1274,1277),(1274,1278),(1279,1281),(1279,1282),(1279,1283),(1284,1286),(1284,1287),(1284,1288),(1289,1291),(1289,1292),(1289,1293),(1294,1296),(1294,1297),(1294,1298),(1299,1301),(1299,1302),(1299,1303),(1304,1306),(1304,1307),(1304,1308),(1309,1311),(1309,1312),(1309,1313),(1314,1316),(1314,1317),(1314,1318),(1319,1321),(1319,1322),(1319,1323),(1324,1326),(1324,1327),(1324,1328),(1329,1331),(1329,1332),(1329,1333),(1334,1336),(1334,1337),(1334,1338),(1339,1341),(1339,1342),(1339,1343),(1344,1346),(1344,1347),(1344,1348),(1349,1351),(1349,1352),(1349,1353),(1354,1356),(1354,1357),(1354,1358),(1359,1361),(1359,1362),(1359,1363),(1364,1366),(1364,1367),(1364,1368),(1369,1371),(1369,1372),(1369,1373),(1374,1376),(1374,1377),(1374,1378),(1379,1381),(1379,1382),(1379,1383),(1384,1386),(1384,1387),(1384,1388),(1389,1391),(1389,1392),(1389,1393),(1394,1396),(1398,1400),(1398,1401),(1402,1404),(1402,1405),(1406,1408),(1406,1409),(1410,1412),(1410,1413),(1414,1416),(1414,1417),(1418,1420),(1418,1421),(1422,1424),(1422,1425),(1426,1428),(1426,1429),(1430,1432),(1430,1433),(1435,1437),(1435,1438),(1439,1441),(1439,1442),(1443,1445),(1443,1446),(1447,1449),(1447,1450),(1451,1453),(1451,1454),(1455,1457),(1455,1458),(1459,1461),(1459,1462),(1463,1465),(1463,1466),(1467,1469),(1467,1470),(1471,1473),(1471,1474),(1475,1477),(1475,1478),(1479,1481),(1479,1482),(1483,1485),(1483,1486),(1487,1489),(1487,1490),(1491,1493),(1491,1494),(1495,1497),(1495,1498),(1499,1501),(1499,1502),(1503,1505),(1503,1506),(1507,1509),(1507,1510),(1511,1513),(1511,1514),(1516,1518),(1516,1519),(1520,1522),(1520,1523),(1524,1526),(1524,1527),(1528,1530),(1528,1531),(1532,1534),(1532,1535),(1536,1538),(1536,1539),(1540,1542),(1540,1543),(1544,1546),(1544,1547),(1548,1550),(1548,1551),(1552,1554),(1552,1555),(1556,1558),(1556,1559),(1560,1562),(1560,1563),(1564,1566),(1564,1567),(1568,1570),(1568,1571),(1572,1574),(1572,1575),(1576,1578),(1576,1579),(1580,1582),(1580,1583),(1584,1586),(1584,1587),(1588,1590),(1588,1591),(1592,1594),(1592,1595),(1596,1598),(1596,1599),(1601,1603),(1601,1604),(1605,1607),(1605,1608),(1610,1612),(1610,1613),(1615,1617),(1615,1618),(1619,1621),(1619,1622),(1623,1625),(1623,1626),(1627,1629),(1627,1630),(1631,1633),(1631,1634),(1635,1637),(1635,1638),(1639,1641),(1639,1642),(1643,1645),(1643,1646),(1647,1649),(1647,1650),(1651,1653),(1651,1654),(1655,1657),(1655,1658),(1659,1661),(1659,1662),(1663,1665),(1663,1666),(1667,1669),(1667,1670),(1671,1673),(1671,1674),(1675,1677),(1675,1678),(1679,1681),(1679,1682),(1683,1685),(1683,1686),(1687,1689),(1687,1690),(1691,1693),(1691,1694),(1695,1697),(1695,1698),(1699,1701),(1699,1702),(1703,1705),(1703,1706),(1707,1709),(1707,1710),(1711,1713),(1711,1714),(1715,1717),(1715,1718),(1719,1721),(1719,1722),(1723,1725),(1723,1726),(1727,1729),(1727,1730),(1731,1733),(1731,1734),(1735,1737),(1735,1738),(1739,1741),(1739,1742),(1743,1745),(1743,1746),(1747,1749),(1747,1750),(1751,1753),(1751,1754),(1755,1757),(1755,1758),(1759,1761),(1759,1762),(1763,1765),(1763,1766),(1767,1769),(1767,1770),(1771,1773),(1771,1774),(1775,1777),(1775,1778),(1779,1781),(1779,1782),(1783,1785),(1783,1786),(1787,1789),(1787,1790),(1791,1793),(1791,1794),(1795,1797),(1795,1798),(1799,1801),(1799,1802),(1803,1805),(1803,1806),(1807,1809),(1807,1810),(1811,1813),(1811,1814),(1815,1817),(1815,1818),(1820,1822),(1820,1823),(1824,1826),(1824,1827),(1828,1830),(1828,1831),(1832,1834),(1832,1835),(1836,1838),(1836,1839),(1840,1842),(1840,1843),(1844,1846),(1844,1847),(1848,1850),(1848,1851),(1854,1856),(1854,1857),(1858,1860),(1858,1861),(1862,1864),(1862,1865),(1866,1868),(1866,1869),(1870,1872),(1870,1873),(1874,1876),(1874,1877),(1878,1880),(1878,1881),(1882,1884),(1882,1885),(1886,1888),(1886,1889),(1890,1892),(1890,1893),(1894,1896),(1894,1897),(1898,1900),(1898,1901),(1902,1904),(1902,1905),(1906,1908),(1906,1909),(1910,1912),(1910,1913),(1914,1916),(1914,1917),(1918,1920),(1918,1921),(1923,1925),(1926,1928),(1926,1929),(1931,1933),(1931,1934),(1945,1947),(1945,1948),(1945,1949),(1950,1952),(1950,1953),(1954,1956),(1954,1957),(1958,1960),(1958,1961),(1963,1965),(1963,1966),(1967,1969),(1967,1970),(1971,1973),(1971,1974),(1975,1977),(1975,1978),(1979,1981),(1979,1982),(1983,1985),(1983,1986),(1987,1989),(1987,1990),(1991,1993),(1991,1994),(1995,1997),(1995,1998),(1999,2001),(1999,2002),(2003,2005),(2003,2006),(2007,2009),(2007,2010),(2011,2013),(2011,2014),(2015,2017),(2018,2020),(2021,2023),(2024,2026),(2027,2029),(2030,2032),(2033,2035),(2036,2038),(2039,2041),(2042,2044),(2045,2047),(2048,2050),(2058,2059),(2058,2060),(2062,2063),(2065,2066);
/*!40000 ALTER TABLE `copassenger_info` ENABLE KEYS */;
UNLOCK TABLES;

--
-- Table structure for table `fare`
--

DROP TABLE IF EXISTS `fare`;
/*!40101 SET @saved_cs_client     = @@character_set_client */;
/*!50503 SET character_set_client = utf8mb4 */;
CREATE TABLE `fare` (
  `fare_id` bigint(20) NOT NULL,
  `currency` varchar(255) DEFAULT NULL,
  `fare` double NOT NULL,
  PRIMARY KEY (`fare_id`)
) ENGINE=InnoDB DEFAULT CHARSET=utf8mb4 COLLATE=utf8mb4_0900_ai_ci;
/*!40101 SET character_set_client = @saved_cs_client */;

--
-- Dumping data for table `fare`
--

LOCK TABLES `fare` WRITE;
/*!40000 ALTER TABLE `fare` DISABLE KEYS */;
INSERT INTO `fare` VALUES (969,'INR',4500),(973,'INR',3500),(977,'INR',5000),(981,'INR',2546),(985,'INR',7500),(989,'INR',10000),(993,'INR',7438),(997,'INR',8743),(1001,'INR',1955),(1005,'INR',2500),(1009,'INR',4943),(1013,'INR',4943),(1017,'INR',4500),(1021,'INR',6200),(1025,'INR',5000),(1029,'INR',1200),(1033,'INR',1389),(1037,'INR',11000),(1041,'INR',15000),(1045,'INR',3000),(1049,'INR',9000);
/*!40000 ALTER TABLE `fare` ENABLE KEYS */;
UNLOCK TABLES;

--
-- Table structure for table `flight`
--

DROP TABLE IF EXISTS `flight`;
/*!40101 SET @saved_cs_client     = @@character_set_client */;
/*!50503 SET character_set_client = utf8mb4 */;
CREATE TABLE `flight` (
  `id` bigint(20) NOT NULL,
  `destination` varchar(255) DEFAULT NULL,
  `duration` varchar(255) DEFAULT NULL,
  `flight_date` date DEFAULT NULL,
  `flight_number` varchar(255) DEFAULT NULL,
  `flight_time` time DEFAULT NULL,
  `origin` varchar(255) DEFAULT NULL,
  `fare_id` bigint(20) DEFAULT NULL,
  `flight_infoid` bigint(20) DEFAULT NULL,
  `inv_id` bigint(20) DEFAULT NULL,
  PRIMARY KEY (`id`),
  KEY `FKpekyhxlpp2g4l0emd9vj9qjvc` (`fare_id`),
  KEY `FKh342xxi0c2ciiqifrhhc9g2kf` (`flight_infoid`),
  KEY `FKi31ay2wj2odp6ij5uvfunmk0y` (`inv_id`),
  CONSTRAINT `FKh342xxi0c2ciiqifrhhc9g2kf` FOREIGN KEY (`flight_infoid`) REFERENCES `flight_info` (`flight_infoid`),
  CONSTRAINT `FKi31ay2wj2odp6ij5uvfunmk0y` FOREIGN KEY (`inv_id`) REFERENCES `inventory` (`inv_id`),
  CONSTRAINT `FKpekyhxlpp2g4l0emd9vj9qjvc` FOREIGN KEY (`fare_id`) REFERENCES `fare` (`fare_id`)
) ENGINE=InnoDB DEFAULT CHARSET=utf8mb4 COLLATE=utf8mb4_0900_ai_ci;
/*!40101 SET character_set_client = @saved_cs_client */;

--
-- Dumping data for table `flight`
--

LOCK TABLES `flight` WRITE;
/*!40000 ALTER TABLE `flight` DISABLE KEYS */;
INSERT INTO `flight` VALUES (968,'CHENNAI','2 hrs 15 mins','2020-11-21','AI-840','02:12:00','DELHI',969,970,971),(972,'HYDERABAD','2 hrs 45 mins','2020-11-21','AI-850','01:15:00','DELHI',973,974,975),(976,'MUMBAI','2 hrs 50 mins','2020-11-21','AI-860','02:30:00','CHENNAI',977,978,979),(980,'HYDERABAD','1 hrs 45 mins','2020-11-21','AI-870','02:45:00','PUNE',981,982,983),(984,'PORTBLAIR','3 hrs 00 mins','2020-11-21','6E-6684','03:00:00','CHENNAI',985,986,987),(988,'DELHI','3 hrs 15 mins','2020-11-21','6E-6685','03:15:00','BENGULURU',989,990,991),(992,'PUNE','4 hrs 07 mins','2020-11-21','6E-6686','21:50:00','DELHI',993,994,995),(996,'MANGALORE','3 hrs 30 mins','2020-11-21','6E-6687','03:15:00','HYDERABAD',997,998,999),(1000,'AHMADABAD','6 hrs 00 mins','2020-11-21','I5-755','04:30:00','MUMBAI',1001,1002,1003),(1004,'KOLKATA','3 hrs 15 mins','2020-11-21','I5-756','04:45:00','HYDERABAD',1005,1006,1007),(1008,'DELHI','1 hrs 00 mins','2020-11-21','I5-757','07:45:00','KOLKATA',1009,1010,1011),(1012,'MUMBAI','1 hrs 00 mins','2020-11-21','SG-434','11:45:00','DELHI',1013,1014,1015),(1016,'CHENNAI','2 hrs 15 mins','2020-11-21','SG-435','02:45:00','DELHI',1017,1018,1019),(1020,'CHENNAI','2 hrs 15 mins','2020-11-21','UK-830','10:15:00','DELHI',1021,1022,1023),(1024,'CHENNAI','2 hrs 15 mins','2020-11-21','UK-831','11:30:00','DELHI',1025,1026,1027),(1028,'CHENNAI','2 hrs 15 mins','2020-11-21','UK-832','11:55:00','DELHI',1029,1030,1031),(1032,'CHENNAI','2 hrs 15 mins','2020-11-21','UK-833','11:55:00','DELHI',1033,1034,1035),(1036,'CHENNAI','2 hrs 15 mins','2020-11-21','2T-518','10:15:00','DELHI',1037,1038,1039),(1040,'CHENNAI','2 hrs 15 mins','2020-11-21','2T-519','19:35:00','DELHI',1041,1042,1043),(1044,'CHENNAI','2 hrs 15 mins','2020-11-24','2T-519','06:15:00','DELHI',1045,1046,1047),(1048,'CHENNAI','2 hrs 15 mins','2020-11-24','2T-520','22:45:00','DELHI',1049,1050,1051);
/*!40000 ALTER TABLE `flight` ENABLE KEYS */;
UNLOCK TABLES;

--
-- Table structure for table `flight_info`
--

DROP TABLE IF EXISTS `flight_info`;
/*!40101 SET @saved_cs_client     = @@character_set_client */;
/*!50503 SET character_set_client = utf8mb4 */;
CREATE TABLE `flight_info` (
  `flight_infoid` bigint(20) NOT NULL,
  `flight_number` varchar(255) DEFAULT NULL,
  `flight_type` varchar(255) DEFAULT NULL,
  `numberof_seats` int(11) NOT NULL,
  PRIMARY KEY (`flight_infoid`)
) ENGINE=InnoDB DEFAULT CHARSET=utf8mb4 COLLATE=utf8mb4_0900_ai_ci;
/*!40101 SET character_set_client = @saved_cs_client */;

--
-- Dumping data for table `flight_info`
--

LOCK TABLES `flight_info` WRITE;
/*!40000 ALTER TABLE `flight_info` DISABLE KEYS */;
INSERT INTO `flight_info` VALUES (934,'AI-840','Airbus',150),(935,'AI-850','Airbus',150),(936,'AI-860','Airbus',150),(937,'AI-870','Airbus',150),(939,'6E-6684','Airbus',150),(940,'6E-6685','Airbus',150),(941,'6E-6686','Airbus',150),(942,'6E-6687','Airbus',150),(944,'I5-755','Airbus',150),(945,'I5-756','Airbus',150),(946,'I5-757','Airbus',150),(947,'I5-758','Airbus',150),(949,'SG-432','Airbus',150),(950,'SG-433','Airbus',150),(951,'SG-434','Airbus',150),(952,'SG-435','Airbus',150),(954,'UK-830','Airbus',150),(955,'UK-831','Airbus',150),(956,'UK-832','Airbus',150),(957,'UK-833','Airbus',150),(959,'2T-518','Airbus',150),(960,'2T-519','Airbus',150),(961,'2T-520','Airbus',150),(962,'2T-521','Airbus',150),(964,'G8-424','Airbus',150),(965,'G8-425','Airbus',150),(966,'G8-426','Airbus',150),(967,'G8-427','Airbus',150),(970,'AI-840','Airbus',150),(974,'AI-850','Airbus',150),(978,'AI-860','Airbus',150),(982,'AI-870','Airbus',150),(986,'6E-6684','Airbus',150),(990,'6E-6685','Airbus',150),(994,'6E-6686','Airbus',150),(998,'6E-6687','Airbus',150),(1002,'I5-755','Airbus',150),(1006,'I5-756','Airbus',150),(1010,'I5-757','Airbus',150),(1014,'SG-434','Airbus',150),(1018,'SG-435','Airbus',150),(1022,'UK-830','Airbus',150),(1026,'UK-831','Airbus',150),(1030,'UK-832','Airbus',150),(1034,'UK-833','Airbus',150),(1038,'2T-518','Airbus',150),(1042,'2T-519','Airbus',150),(1046,'2T-519','Airbus',150),(1050,'2T-520','Airbus',150);
/*!40000 ALTER TABLE `flight_info` ENABLE KEYS */;
UNLOCK TABLES;

--
-- Table structure for table `flights_info`
--

DROP TABLE IF EXISTS `flights_info`;
/*!40101 SET @saved_cs_client     = @@character_set_client */;
/*!50503 SET character_set_client = utf8mb4 */;
CREATE TABLE `flights_info` (
  `airline_id` bigint(20) NOT NULL,
  `flight_infoid` bigint(20) NOT NULL,
  UNIQUE KEY `UK_mnghyk14c0ufcb2gs2k6fab40` (`flight_infoid`),
  KEY `FKm5m2579nqtr1wele0bimvme8m` (`airline_id`),
  CONSTRAINT `FKlda61sltnw69kxw7b0gx6sj5s` FOREIGN KEY (`flight_infoid`) REFERENCES `flight_info` (`flight_infoid`),
  CONSTRAINT `FKm5m2579nqtr1wele0bimvme8m` FOREIGN KEY (`airline_id`) REFERENCES `airline_info` (`airline_id`)
) ENGINE=InnoDB DEFAULT CHARSET=utf8mb4 COLLATE=utf8mb4_0900_ai_ci;
/*!40101 SET character_set_client = @saved_cs_client */;

--
-- Dumping data for table `flights_info`
--

LOCK TABLES `flights_info` WRITE;
/*!40000 ALTER TABLE `flights_info` DISABLE KEYS */;
INSERT INTO `flights_info` VALUES (933,934),(933,935),(933,936),(933,937),(938,939),(938,940),(938,941),(938,942),(943,944),(943,945),(943,946),(943,947),(948,949),(948,950),(948,951),(948,952),(953,954),(953,955),(953,956),(953,957),(958,959),(958,960),(958,961),(958,962),(963,964),(963,965),(963,966),(963,967);
/*!40000 ALTER TABLE `flights_info` ENABLE KEYS */;
UNLOCK TABLES;

--
-- Table structure for table `hibernate_sequence`
--

DROP TABLE IF EXISTS `hibernate_sequence`;
/*!40101 SET @saved_cs_client     = @@character_set_client */;
/*!50503 SET character_set_client = utf8mb4 */;
CREATE TABLE `hibernate_sequence` (
  `next_val` bigint(20) DEFAULT NULL
) ENGINE=InnoDB DEFAULT CHARSET=utf8mb4 COLLATE=utf8mb4_0900_ai_ci;
/*!40101 SET character_set_client = @saved_cs_client */;

--
-- Dumping data for table `hibernate_sequence`
--

LOCK TABLES `hibernate_sequence` WRITE;
/*!40000 ALTER TABLE `hibernate_sequence` DISABLE KEYS */;
INSERT INTO `hibernate_sequence` VALUES (2067),(2067),(2067),(2067),(2067),(2067),(2067);
/*!40000 ALTER TABLE `hibernate_sequence` ENABLE KEYS */;
UNLOCK TABLES;

--
-- Table structure for table `inventory`
--

DROP TABLE IF EXISTS `inventory`;
/*!40101 SET @saved_cs_client     = @@character_set_client */;
/*!50503 SET character_set_client = utf8mb4 */;
CREATE TABLE `inventory` (
  `inv_id` bigint(20) NOT NULL,
  `count` int(11) NOT NULL,
  PRIMARY KEY (`inv_id`)
) ENGINE=InnoDB DEFAULT CHARSET=utf8mb4 COLLATE=utf8mb4_0900_ai_ci;
/*!40101 SET character_set_client = @saved_cs_client */;

--
-- Dumping data for table `inventory`
--

LOCK TABLES `inventory` WRITE;
/*!40000 ALTER TABLE `inventory` DISABLE KEYS */;
INSERT INTO `inventory` VALUES (38,0),(41,100),(44,100),(47,100),(50,100),(53,100),(56,100),(59,100),(62,100),(65,100),(68,100),(71,100),(74,96),(77,87),(80,82),(83,120),(86,96),(89,95),(92,98),(95,100),(98,100),(309,100),(312,100),(315,100),(318,100),(321,100),(324,100),(327,100),(330,100),(333,100),(336,100),(339,100),(342,100),(345,100),(348,100),(351,100),(354,120),(357,100),(360,100),(363,100),(366,100),(369,100),(407,100),(410,100),(413,100),(416,100),(419,100),(422,100),(425,100),(428,100),(431,100),(434,100),(437,100),(440,100),(443,100),(446,100),(449,100),(452,120),(455,100),(458,100),(461,100),(464,100),(467,100),(505,100),(508,100),(511,100),(514,100),(517,100),(520,100),(523,100),(526,100),(529,100),(532,100),(535,100),(538,100),(541,100),(544,100),(547,100),(550,120),(553,100),(556,100),(559,100),(562,100),(565,100),(603,100),(606,100),(609,100),(612,100),(615,100),(618,100),(621,100),(624,100),(627,100),(630,100),(633,100),(636,100),(639,100),(642,100),(645,100),(648,120),(651,100),(654,100),(657,100),(660,100),(663,100),(730,100),(734,100),(738,100),(742,100),(746,100),(750,100),(754,100),(758,100),(762,100),(766,100),(770,100),(774,100),(778,100),(782,100),(786,100),(790,120),(794,100),(798,100),(802,100),(806,100),(810,100),(853,100),(857,100),(861,100),(865,100),(869,100),(873,100),(877,100),(881,100),(885,100),(889,100),(893,100),(897,100),(901,100),(905,100),(909,100),(913,120),(917,100),(921,100),(925,100),(928,100),(932,100),(971,-1),(975,9),(979,-65),(983,97),(987,100),(991,100),(995,100),(999,28),(1003,100),(1007,100),(1011,100),(1015,100),(1019,0),(1023,89),(1027,98),(1031,117),(1035,100),(1039,93),(1043,88),(1047,-44),(1051,100);
/*!40000 ALTER TABLE `inventory` ENABLE KEYS */;
UNLOCK TABLES;

--
-- Table structure for table `passenger`
--

DROP TABLE IF EXISTS `passenger`;
/*!40101 SET @saved_cs_client     = @@character_set_client */;
/*!50503 SET character_set_client = utf8mb4 */;
CREATE TABLE `passenger` (
  `passenger_id` bigint(20) NOT NULL,
  `email_address` varchar(255) DEFAULT NULL,
  `first_name` varchar(255) DEFAULT NULL,
  `gender` varchar(255) DEFAULT NULL,
  `last_name` varchar(255) DEFAULT NULL,
  `mobile_number` bigint(20) NOT NULL,
  `booking_id` bigint(20) DEFAULT NULL,
  PRIMARY KEY (`passenger_id`),
  KEY `FKl88xs6x4f3sniu0kyyxi2qetl` (`booking_id`),
  CONSTRAINT `FKl88xs6x4f3sniu0kyyxi2qetl` FOREIGN KEY (`booking_id`) REFERENCES `booking_record` (`booking_id`)
) ENGINE=InnoDB DEFAULT CHARSET=utf8mb4 COLLATE=utf8mb4_0900_ai_ci;
/*!40101 SET character_set_client = @saved_cs_client */;

--
-- Dumping data for table `passenger`
--

LOCK TABLES `passenger` WRITE;
/*!40000 ALTER TABLE `passenger` DISABLE KEYS */;
INSERT INTO `passenger` VALUES (182,'praveen.somireddy@gmail.com','Praveen','Male','Reddy',7093882336,NULL),(183,'praveen.somireddy@gmail.com','Praveen','Male','Reddy',7093882336,184),(190,'praveen.somireddy@gmail.com','Praveen','Male','Reddy',7093882336,191),(195,'abc@abc.com','Ozvitha','Female','Fernz',12121212,196),(200,'abc@abc.com','Praveen','Male','Reddy',12121212,201),(203,'abc@abc.com','Praveen','Male','Reddy',12121212,204),(206,'abc@abc.com','Praveen','Male','Reddy',12121212,207),(209,'abc@abc.com','Praveen','Male','Reddy',12121212,210),(212,'abc@abc.com','Praveen','Male','Reddy',12121212,213),(215,'abc@abc.com','Praveen','Male','Reddy',12121212,216),(218,'abc@abc.com','Praveen','Male','Reddy',12121212,219),(222,'abc@abc.com','Praveen','Male','Reddy',12121212,223),(225,'abc@abc.com','Praveen','Male','Reddy',12121212,226),(228,'abc@abc.com','Praveen','Male','Reddy',12121212,229),(231,'abc@abc.com','Praveen','Male','Reddy',12121212,232),(234,'abc@abc.com','Praveen','Male','Reddy',12121212,235),(237,'abc@abc.com','Praveen','Male','Reddy',12121212,238),(240,'abc@abc.com','Praveen','Male','Reddy',12121212,241),(243,'abc@abc.com','Praveen','Male','Reddy',12121212,244),(246,'abc@abc.com','Praveen','Male','Reddy',12121212,NULL),(250,'abc@abc.com','Praveen','Male','Reddy',12121212,NULL),(253,'abc@abc.com','Praveen','Male','Reddy',12121212,NULL),(256,'abc@abc.com','Praveen','Male','Reddy',12121212,255),(258,'abc@abc.com','Praveen','Male','Reddy',12121212,259),(261,'abc@abc.com','Praveen','Male','Reddy',12121212,262),(264,'abc@abc.com','Praveen','Male','Reddy',9876876235,265),(268,'abc@abc.com','Praveen','Male','Reddy',9876876235,269),(1053,'abc@abc.com','Praveen','Male','Reddy',9876876235,1054),(1057,'abc@abc.com','Praveen','Male','Reddy',9876876235,1058),(1061,'abc@abc.com','Praveen','Male','Reddy',9876876235,1062),(1065,'abc@abc.com','Praveen','Male','Reddy',9876876235,1066),(1069,'abc@abc.com','Praveen','Male','Reddy',9876876235,1070),(1073,'abc@abc.com','Praveen','Male','Reddy',9876876235,1074),(1077,'abc@abc.com','Praveen','Male','Reddy',9876876235,1078),(1081,'abc@abc.com','Praveen','Male','Reddy',9876876235,1082),(1085,'abc@abc.com','Praveen','Male','Reddy',9876876235,1086),(1089,'abc@abc.com','Praveen','Male','Reddy',9876876235,1090),(1093,'abc@abc.com','Praveen','Male','Reddy',9876876235,1094),(1097,'abc@abc.com','Praveen','Male','Reddy',9876876235,1098),(1101,'abc@abc.com','Praveen','Male','Reddy',9876876235,1102),(1105,'abc@abc.com','Praveen','Male','Reddy',9876876235,1106),(1109,'abc@abc.com','Praveen','Male','Reddy',9876876235,1110),(1113,'abc@abc.com','Praveen','Male','Reddy',9876876235,1114),(1117,'abc@abc.com','Praveen','Male','Reddy',9876876235,1118),(1121,'abc@abc.com','Praveen','Male','Reddy',9876876235,1122),(1127,'abc@abc.com','Praveen','Male','Reddy',9876876235,1128),(1131,'abc@abc.com','Praveen','Male','Reddy',9876876235,1132),(1135,'abc@abc.com','Praveen','Male','Reddy',9876876235,1136),(1139,'abc@abc.com','Praveen','Male','Reddy',9876876235,1140),(1143,'abc@abc.com','Praveen','Male','Reddy',9876876235,1144),(1147,'abc@abc.com','Praveen','Male','Reddy',9876876235,1148),(1151,'abc@abc.com','Praveen','Male','Reddy',9876876235,1152),(1155,'abc@abc.com','Praveen','Male','Reddy',9876876235,1156),(1159,'abc@abc.com','Praveen','Male','Reddy',9876876235,1160),(1163,'abc@abc.com','Praveen','Male','Reddy',9876876235,1164),(1167,'abc@abc.com','Praveen','Male','Reddy',9876876235,1168),(1173,'abc@abc.com','Praveen','Male','Reddy',9876876235,1174),(1177,'abc@abc.com','Praveen','Male','Reddy',9876876235,1178),(1181,'praveen.somireddy@gmail.com','Praveen','Male','Reddy',7093882336,1182),(1184,'praveen.somireddy@gmail.com','Praveen','Male','Reddy',7093882336,1185),(1187,'praveen.somireddy@gmail.com','Praveen','Male','Reddy',7093882336,1188),(1190,'praveen.somireddy@gmail.com','Praveen','Male','Reddy',7093882336,1191),(1193,'praveen.somireddy@gmail.com','Praveen','Male','Reddy',7093882336,1194),(1196,'praveen.somireddy@gmail.com','Praveen','Male','Reddy',7093882336,1197),(1199,'praveen.somireddy@gmail.com','Praveen','Male','Reddy',7093882336,1200),(1202,'praveen.somireddy@gmail.com','Praveen','Male','Reddy',7093882336,1203),(1205,'praveen.somireddy@gmail.com','Praveen','Male','Reddy',7093882336,1206),(1208,'praveen.somireddy@gmail.com','Praveen','Male','Reddy',7093882336,1209),(1211,'praveen.somireddy@gmail.com','Praveen','Male','Reddy',7093882336,1212),(1214,'kavya@abc.com','Kavya','Female','Kumari',9999999999,1215),(1218,'james@hotmail.com','James','Male','Goedic',7777777777,1219),(1226,'abc@abc.com','Praveen','Male','Reddy',9876876235,1227),(1230,'abc@abc.com','Praveen','Male','Reddy',9876876235,1231),(1234,'praveen.somireddy@gmail.com','Praveen','Male','Reddy',7093882336,1235),(1237,'praveen.somireddy@gmail.com','Praveen','Male','Reddy',7093882336,1238),(1239,'praveen.somireddy@gmail.com','Praveen','Male','Reddy',7093882336,1240),(1242,'praveen.somireddy@gmail.com','Praveen','Male','Reddy',7093882336,1243),(1244,'praveen.somireddy@gmail.com','Praveen','Male','Reddy',7093882336,1245),(1248,'praveen.somireddy@gmail.com','Praveen','Male','Reddy',7093882336,1249),(1251,'praveen.somireddy@gmail.com','Praveen','Male','Reddy',7093882336,1252),(1254,'praveen.somireddy@gmail.com','Praveen','Male','Reddy',7093882336,1255),(1257,'praveen.somireddy@gmail.com','Praveen','Male','Reddy',7093882336,1258),(1260,'praveen.somireddy@gmail.com','Praveen','Male','Reddy',7093882336,1261),(1263,'praveen.somireddy@gmail.com','Praveen','Male','Reddy',7093882336,1264),(1266,'praveen.somireddy@gmail.com','Praveen','Male','Reddy',7093882336,1267),(1269,'praveen.somireddy@gmail.com','Praveen','Male','Reddy',7093882336,1270),(1274,'praveen.somireddy@gmail.com','Praveen','Male','Reddy',7093882336,1275),(1279,'praveen.somireddy@gmail.com','Praveen','Male','Reddy',7093882336,1280),(1284,'praveen.somireddy@gmail.com','Praveen','Male','Reddy',7093882336,1285),(1289,'praveen.somireddy@gmail.com','Praveen','Male','Reddy',7093882336,1290),(1294,'praveen.somireddy@gmail.com','Praveen','Male','Reddy',7093882336,1295),(1299,'praveen.somireddy@gmail.com','Praveen','Male','Reddy',7093882336,1300),(1304,'praveen.somireddy@gmail.com','Praveen','Male','Reddy',7093882336,1305),(1309,'praveen.somireddy@gmail.com','Praveen','Male','Reddy',7093882336,1310),(1314,'praveen.somireddy@gmail.com','Praveen','Male','Reddy',7093882336,1315),(1319,'praveen.somireddy@gmail.com','Praveen','Male','Reddy',7093882336,1320),(1324,'praveen.somireddy@gmail.com','Praveen','Male','Reddy',7093882336,1325),(1329,'praveen.somireddy@gmail.com','Praveen','Male','Reddy',7093882336,1330),(1334,'praveen.somireddy@gmail.com','Praveen','Male','Reddy',7093882336,1335),(1339,'praveen.somireddy@gmail.com','Praveen','Male','Reddy',7093882336,1340),(1344,'praveen.somireddy@gmail.com','Praveen','Male','Reddy',7093882336,1345),(1349,'praveen.somireddy@gmail.com','Praveen','Male','Reddy',7093882336,1350),(1354,'praveen.somireddy@gmail.com','Praveen','Male','Reddy',7093882336,1355),(1359,'praveen.somireddy@gmail.com','Praveen','Male','Reddy',7093882336,1360),(1364,'praveen.somireddy@gmail.com','Praveen','Male','Reddy',7093882336,1365),(1369,'praveen.somireddy@gmail.com','Praveen','Male','Reddy',7093882336,1370),(1374,'praveen.somireddy@gmail.com','Praveen','Male','Reddy',7093882336,1375),(1379,'praveen.somireddy@gmail.com','Praveen','Male','Reddy',7093882336,1380),(1384,'praveen.somireddy@gmail.com','Praveen','Male','Reddy',7093882336,1385),(1389,'praveen.somireddy@gmail.com','Praveen','Male','Reddy',7093882336,1390),(1394,'praveen.somireddy@gmail.com','Praveen',NULL,'Reddy',7093882336,1395),(1398,'abc@abc.com','Praveen','Male','Reddy',9876876235,1399),(1402,'abc@abc.com','Praveen','Male','Reddy',9876876235,1403),(1406,'abc@abc.com','Praveen','Male','Reddy',9876876235,1407),(1410,'abc@abc.com','Praveen','Male','Reddy',9876876235,1411),(1414,'abc@abc.com','Praveen','Male','Reddy',9876876235,1415),(1418,'abc@abc.com','Praveen','Male','Reddy',9876876235,1419),(1422,'abc@abc.com','Praveen','Male','Reddy',9876876235,1423),(1426,'abc@abc.com','Praveen','Male','Reddy',9876876235,1427),(1430,'abc@abc.com','Praveen','Male','Reddy',9876876235,1431),(1435,'abc@abc.com','Praveen','Male','Reddy',9876876235,1436),(1439,'abc@abc.com','Praveen','Male','Reddy',9876876235,1440),(1443,'abc@abc.com','Praveen','Male','Reddy',9876876235,1444),(1447,'abc@abc.com','Praveen','Male','Reddy',9876876235,1448),(1451,'abc@abc.com','Praveen','Male','Reddy',9876876235,1452),(1455,'abc@abc.com','Praveen','Male','Reddy',9876876235,1456),(1459,'abc@abc.com','Praveen','Male','Reddy',9876876235,1460),(1463,'abc@abc.com','Praveen','Male','Reddy',9876876235,1464),(1467,'abc@abc.com','Praveen','Male','Reddy',9876876235,1468),(1471,'abc@abc.com','Praveen','Male','Reddy',9876876235,1472),(1475,'abc@abc.com','Praveen','Male','Reddy',9876876235,1476),(1479,'abc@abc.com','Praveen','Male','Reddy',9876876235,1480),(1483,'abc@abc.com','Praveen','Male','Reddy',9876876235,1484),(1487,'abc@abc.com','Praveen','Male','Reddy',9876876235,1488),(1491,'abc@abc.com','Praveen','Male','Reddy',9876876235,1492),(1495,'abc@abc.com','Praveen','Male','Reddy',9876876235,1496),(1499,'abc@abc.com','Praveen','Male','Reddy',9876876235,1500),(1503,'abc@abc.com','Praveen','Male','Reddy',9876876235,1504),(1507,'abc@abc.com','Praveen','Male','Reddy',9876876235,1508),(1511,'abc@abc.com','Praveen','Male','Reddy',9876876235,1512),(1516,'abc@abc.com','Praveen','Male','Reddy',9876876235,1517),(1520,'abc@abc.com','Praveen','Male','Reddy',9876876235,1521),(1524,'abc@abc.com','Praveen','Male','Reddy',9876876235,1525),(1528,'abc@abc.com','Praveen','Male','Reddy',9876876235,1529),(1532,'abc@abc.com','Praveen','Male','Reddy',9876876235,1533),(1536,'abc@abc.com','Praveen','Male','Reddy',9876876235,1537),(1540,'abc@abc.com','Praveen','Male','Reddy',9876876235,1541),(1544,'abc@abc.com','Praveen','Male','Reddy',9876876235,1545),(1548,'abc@abc.com','Praveen','Male','Reddy',9876876235,1549),(1552,'abc@abc.com','Praveen','Male','Reddy',9876876235,1553),(1556,'abc@abc.com','Praveen','Male','Reddy',9876876235,1557),(1560,'abc@abc.com','Praveen','Male','Reddy',9876876235,1561),(1564,'abc@abc.com','Praveen','Male','Reddy',9876876235,1565),(1568,'abc@abc.com','Praveen','Male','Reddy',9876876235,1569),(1572,'abc@abc.com','Praveen','Male','Reddy',9876876235,1573),(1576,'abc@abc.com','Praveen','Male','Reddy',9876876235,1577),(1580,'abc@abc.com','Praveen','Male','Reddy',9876876235,1581),(1584,'abc@abc.com','Praveen','Male','Reddy',9876876235,1585),(1588,'abc@abc.com','Praveen','Male','Reddy',9876876235,1589),(1592,'abc@abc.com','Praveen','Male','Reddy',9876876235,1593),(1596,'abc@abc.com','Praveen','Male','Reddy',9876876235,1597),(1601,'abc@abc.com','Praveen','Male','Reddy',9876876235,1602),(1605,'abc@abc.com','Praveen','Male','Reddy',9876876235,1606),(1610,'abc@abc.com','Praveen','Male','Reddy',9876876235,1611),(1615,'abc@abc.com','Praveen','Male','Reddy',9876876235,1616),(1619,'abc@abc.com','Praveen','Male','Reddy',9876876235,1620),(1623,'abc@abc.com','Praveen','Male','Reddy',9876876235,1624),(1627,'abc@abc.com','Praveen','Male','Reddy',9876876235,1628),(1631,'abc@abc.com','Praveen','Male','Reddy',9876876235,1632),(1635,'abc@abc.com','Praveen','Male','Reddy',9876876235,1636),(1639,'abc@abc.com','Praveen','Male','Reddy',9876876235,1640),(1643,'abc@abc.com','Praveen','Male','Reddy',9876876235,1644),(1647,'abc@abc.com','Praveen','Male','Reddy',9876876235,1648),(1651,'abc@abc.com','Praveen','Male','Reddy',9876876235,1652),(1655,'abc@abc.com','Praveen','Male','Reddy',9876876235,1656),(1659,'abc@abc.com','Praveen','Male','Reddy',9876876235,1660),(1663,'abc@abc.com','Praveen','Male','Reddy',9876876235,1664),(1667,'abc@abc.com','Praveen','Male','Reddy',9876876235,1668),(1671,'abc@abc.com','Praveen','Male','Reddy',9876876235,1672),(1675,'abc@abc.com','Praveen','Male','Reddy',9876876235,1676),(1679,'abc@abc.com','Praveen','Male','Reddy',9876876235,1680),(1683,'abc@abc.com','Praveen','Male','Reddy',9876876235,1684),(1687,'abc@abc.com','Praveen','Male','Reddy',9876876235,1688),(1691,'abc@abc.com','Praveen','Male','Reddy',9876876235,1692),(1695,'abc@abc.com','Praveen','Male','Reddy',9876876235,1696),(1699,'abc@abc.com','Praveen','Male','Reddy',9876876235,1700),(1703,'abc@abc.com','Praveen','Male','Reddy',9876876235,1704),(1707,'abc@abc.com','Praveen','Male','Reddy',9876876235,1708),(1711,'abc@abc.com','Praveen','Male','Reddy',9876876235,1712),(1715,'abc@abc.com','Praveen','Male','Reddy',9876876235,1716),(1719,'abc@abc.com','Praveen','Male','Reddy',9876876235,1720),(1723,'abc@abc.com','Praveen','Male','Reddy',9876876235,1724),(1727,'abc@abc.com','Praveen','Male','Reddy',9876876235,1728),(1731,'abc@abc.com','Praveen','Male','Reddy',9876876235,1732),(1735,'abc@abc.com','Praveen','Male','Reddy',9876876235,1736),(1739,'abc@abc.com','Praveen','Male','Reddy',9876876235,1740),(1743,'abc@abc.com','Praveen','Male','Reddy',9876876235,1744),(1747,'abc@abc.com','Praveen','Male','Reddy',9876876235,1748),(1751,'abc@abc.com','Praveen','Male','Reddy',9876876235,1752),(1755,'abc@abc.com','Praveen','Male','Reddy',9876876235,1756),(1759,'abc@abc.com','Praveen','Male','Reddy',9876876235,1760),(1763,'abc@abc.com','Praveen','Male','Reddy',9876876235,1764),(1767,'abc@abc.com','Praveen','Male','Reddy',9876876235,1768),(1771,'abc@abc.com','Praveen','Male','Reddy',9876876235,1772),(1775,'abc@abc.com','Praveen','Male','Reddy',9876876235,1776),(1779,'abc@abc.com','Praveen','Male','Reddy',9876876235,1780),(1783,'abc@abc.com','Praveen','Male','Reddy',9876876235,1784),(1787,'abc@abc.com','Praveen','Male','Reddy',9876876235,1788),(1791,'abc@abc.com','Praveen','Male','Reddy',9876876235,1792),(1795,'abc@abc.com','Praveen','Male','Reddy',9876876235,1796),(1799,'abc@abc.com','Praveen','Male','Reddy',9876876235,1800),(1803,'abc@abc.com','Praveen','Male','Reddy',9876876235,1804),(1807,'abc@abc.com','Praveen','Male','Reddy',9876876235,1808),(1811,'abc@abc.com','Praveen','Male','Reddy',9876876235,1812),(1815,'abc@abc.com','Praveen','Male','Reddy',9876876235,1816),(1820,'abc@abc.com','Praveen','Male','Reddy',9876876235,1821),(1824,'abc@abc.com','Praveen','Male','Reddy',9876876235,1825),(1828,'abc@abc.com','Praveen','Male','Reddy',9876876235,1829),(1832,'abc@abc.com','Praveen','Male','Reddy',9876876235,1833),(1836,'abc@abc.com','Praveen','Male','Reddy',9876876235,1837),(1840,'abc@abc.com','Praveen','Male','Reddy',9876876235,1841),(1844,'abc@abc.com','Ozvitha Fernz','Male','Reddy',9876876235,1845),(1848,'abc@abc.com','Ozvitha Fernz','Male','Reddy',9876876235,1849),(1854,'abc@abc.com','Ozvitha Fernz','Male','Reddy',9876876235,1855),(1858,'abc@abc.com','Ozvitha Fernz','Male','Reddy',9876876235,1859),(1862,'abc@abc.com','Ozvitha Fernz','Male','Reddy',9876876235,1863),(1866,'abc@abc.com','Ozvitha Fernz','Male','Reddy',9876876235,1867),(1870,'abc@abc.com','Kavya','Male','Reddy',9876876235,1871),(1874,'abc@abc.com','Swathi','Male','Reddy',9876876235,1875),(1878,'abc@abc.com','Swathi','Male','Reddy',9876876235,1879),(1882,'abc@abc.com','Swathi','Male','Reddy',9876876235,1883),(1886,'abc@abc.com','Swathi','Male','Reddy',9876876235,1887),(1890,'abc@abc.com','Swathi','Male','Reddy',9876876235,1891),(1894,'abc@abc.com','Swathi','Male','Reddy',9876876235,1895),(1898,'abc@abc.com','Swathi','Male','Reddy',9876876235,1899),(1902,'abc@abc.com','Swathi','Male','Reddy',9876876235,1903),(1906,'abc@abc.com','Swathi','Male','Reddy',9876876235,1907),(1910,'abc@abc.com','Swathi','Male','Reddy',9876876235,1911),(1914,'abc@abc.com','Swathi','Male','Reddy',9876876235,1915),(1918,'abc@abc.com','Ruth','Female','Dev',9876876235,1919),(1923,'praveen.somireddy@gmail.com','Praveen',NULL,'Reddy',7093882336,1924),(1926,'praveen.somireddy@gmail.com','Praveen','Male','Reddy',7093882336,1927),(1931,'ford@abc.com','Ford','Male','Ritche',9876876235,1932),(1945,'praveen.somireddy@gmail.com','Loki','Male','Dev',7093882336,1946),(1950,'abc@abc.com','Ruth','Female','Dev',9876876235,1951),(1954,'abc@abc.com','Ruth','Female','Dev',9876876235,1955),(1958,'abc@abc.com','Ruth','Female','Dev',9876876235,1959),(1963,'abc@abc.com','Ruth','Female','Dev',9876876235,1964),(1967,'abc@abc.com','Ruth','Female','Dev',9876876235,1968),(1971,'abc@abc.com','Ruth','Female','Dev',9876876235,1972),(1975,'abc@abc.com','Ruth','Female','Dev',9876876235,1976),(1979,'abc@abc.com','Ruth','Female','Dev',9876876235,1980),(1983,'abc@abc.com','Ruth','Female','Dev',9876876235,1984),(1987,'abc@abc.com','Ruth','Female','Dev',9876876235,1988),(1991,'abc@abc.com','Ruth','Female','Dev',9876876235,1992),(1995,'abc@abc.com','Ruth','Female','Dev',9876876235,1996),(1999,'abc@abc.com','Ruth','Female','Dev',9876876235,2000),(2003,'abc@abc.com','Ruth','Female','Dev',9876876235,2004),(2007,'abc@abc.com','Ruth','Female','Dev',9876876235,2008),(2011,'abc@abc.com','Ruth','Female','Dev',9876876235,2012),(2015,'abc@abc.com','Ruth','Female','Dev',9876876235,2016),(2018,'abc@abc.com','Ruth','Female','Dev',9876876235,2019),(2021,'abc@abc.com','Ruth','Female','Dev',9876876235,2022),(2024,'abc@abc.com','Ruth','Female','Dev',9876876235,2025),(2027,'abc@abc.com','Ruth','Female','Dev',9876876235,2028),(2030,'abc@abc.com','Ruth','Female','Dev',9876876235,2031),(2033,'abc@abc.com','Ruth','Female','Dev',9876876235,2034),(2036,'abc@abc.com','Ruth','Female','Dev',9876876235,2037),(2039,'abc@abc.com','Ruth','Female','Dev',9876876235,2040),(2042,'abc@abc.com','Ruth','Female','Dev',9876876235,2043),(2045,'abc@abc.com','Ruth','Female','Dev',9876876235,2046),(2048,'abc@abc.com','Ruth','Female','Dev',9876876235,2049),(2058,'govind@govind.com','Govind','male','Sharma',8765432365,2057),(2062,'praveen.somireddy@gmail.com','Praveen','Male','Reddy',7093882336,NULL),(2065,'praveen.somireddy@gmail.com','Praveen','Male','Reddy',7093882336,2064);
/*!40000 ALTER TABLE `passenger` ENABLE KEYS */;
UNLOCK TABLES;

--
-- Table structure for table `user`
--

DROP TABLE IF EXISTS `user`;
/*!40101 SET @saved_cs_client     = @@character_set_client */;
/*!50503 SET character_set_client = utf8mb4 */;
CREATE TABLE `user` (
  `user_name` varchar(255) NOT NULL,
  `login_time` datetime DEFAULT NULL,
  `password` varchar(255) DEFAULT NULL,
  `passenger_id` bigint(20) DEFAULT NULL,
  PRIMARY KEY (`user_name`),
  KEY `FKf3ktol3helrfdbw84bvq259x7` (`passenger_id`),
  CONSTRAINT `FKf3ktol3helrfdbw84bvq259x7` FOREIGN KEY (`passenger_id`) REFERENCES `passenger` (`passenger_id`)
) ENGINE=InnoDB DEFAULT CHARSET=utf8mb4 COLLATE=utf8mb4_0900_ai_ci;
/*!40101 SET character_set_client = @saved_cs_client */;

--
-- Dumping data for table `user`
--

LOCK TABLES `user` WRITE;
/*!40000 ALTER TABLE `user` DISABLE KEYS */;
INSERT INTO `user` VALUES ('praveen','2020-08-09 12:23:43','password-1',182);
/*!40000 ALTER TABLE `user` ENABLE KEYS */;
UNLOCK TABLES;
/*!40103 SET TIME_ZONE=@OLD_TIME_ZONE */;

/*!40101 SET SQL_MODE=@OLD_SQL_MODE */;
/*!40014 SET FOREIGN_KEY_CHECKS=@OLD_FOREIGN_KEY_CHECKS */;
/*!40014 SET UNIQUE_CHECKS=@OLD_UNIQUE_CHECKS */;
/*!40101 SET CHARACTER_SET_CLIENT=@OLD_CHARACTER_SET_CLIENT */;
/*!40101 SET CHARACTER_SET_RESULTS=@OLD_CHARACTER_SET_RESULTS */;
/*!40101 SET COLLATION_CONNECTION=@OLD_COLLATION_CONNECTION */;
/*!40111 SET SQL_NOTES=@OLD_SQL_NOTES */;

-- Dump completed on 2020-12-07 10:41:11
